https://www.wheretoapply.xyz/universities/adelaide-university/programs/bachelor-of-creative-arts	64	Bachelor of Creative Arts
https://www.wheretoapply.xyz/universities/adelaide-university/programs/bachelor-of-dental-surgery	55	Bachelor of Dental Surgery
https://www.wheretoapply.xyz/universities/adelaide-university/programs/bachelor-of-mathematics	64	Bachelor of Mathematics
https://www.wheretoapply.xyz/universities/adelaide-university/programs/bachelor-of-medical-studies	59	Bachelor of Medical Studies
https://www.wheretoapply.xyz/universities/adelaide-university/programs/bachelor-of-music-theatre	60	Bachelor of Music Theatre
https://www.wheretoapply.xyz/universities/adelaide-university/programs/bachelor-of-oral-health	61	Bachelor of Oral Health
https://www.wheretoapply.xyz/universities/adelaide-university/programs/bachelor-of-outdoor-and-environmental-leadership	56	Bachelor of Outdoor and Environmental Leadership
https://www.wheretoapply.xyz/universities/adelaide-university/programs/bachelor-of-pharmaceutical-science	80	Bachelor of Pharmaceutical Science
https://www.wheretoapply.xyz/universities/adelaide-university/programs/bachelor-of-philosophy-politics-and-economics	60	Bachelor of Philosophy, Politics and Economics
https://www.wheretoapply.xyz/universities/adelaide-university/programs/bachelor-of-public-health	82	Bachelor of Public Health
https://www.wheretoapply.xyz/universities/adelaide-university/programs/bachelor-of-sustainability-and-climate-change	55	Bachelor of Sustainability and Climate Change
https://www.wheretoapply.xyz/universities/adelaide-university/programs/bachelor-of-veterinary-technology	63	Bachelor of Veterinary Technology
https://www.wheretoapply.xyz/universities/adelaide-university/programs/bachelor-of-visual-effects	62	Bachelor of Visual Effects
https://www.wheretoapply.xyz/universities/adelaide-university/programs/doctor-of-clinical-dentistry	49	Doctor of Clinical Dentistry
https://www.wheretoapply.xyz/universities/adelaide-university/programs/doctor-of-medicine	72	Doctor of Medicine
https://www.wheretoapply.xyz/universities/adelaide-university/programs/doctor-of-veterinary-medicine	59	Doctor of Veterinary Medicine
https://www.wheretoapply.xyz/universities/adelaide-university/programs/graduate-certificate-in-aboriginal-studies	74	Graduate Certificate in Aboriginal Studies
https://www.wheretoapply.xyz/universities/adelaide-university/programs/graduate-certificate-in-artificial-intelligence-and-machine-learning	53	Graduate Certificate in Artificial Intelligence and Machine Learning
https://www.wheretoapply.xyz/universities/adelaide-university/programs/graduate-certificate-in-business	67	Graduate Certificate in Business
https://www.wheretoapply.xyz/universities/adelaide-university/programs/graduate-certificate-in-business-analytics	65	Graduate Certificate in Business Analytics
https://www.wheretoapply.xyz/universities/adelaide-university/programs/graduate-certificate-in-commerce	78	Graduate Certificate in Commerce
https://www.wheretoapply.xyz/universities/adelaide-university/programs/graduate-certificate-in-counselling-and-psychotherapy	80	Graduate Certificate in Counselling and Psychotherapy
https://www.wheretoapply.xyz/universities/adelaide-university/programs/graduate-certificate-in-financial-planning	59	Graduate Certificate in Financial Planning
https://www.wheretoapply.xyz/universities/adelaide-university/programs/graduate-certificate-in-immersive-media-technologies	64	Graduate Certificate in Immersive Media Technologies
https://www.wheretoapply.xyz/universities/adelaide-university/programs/graduate-certificate-in-marketing	52	Graduate Certificate in Marketing
https://www.wheretoapply.xyz/universities/adelaide-university/programs/graduate-certificate-in-midwifery	28	Graduate Certificate in Midwifery
https://www.wheretoapply.xyz/universities/adelaide-university/programs/graduate-certificate-in-project-management	50	Graduate Certificate in Project Management
https://www.wheretoapply.xyz/universities/adelaide-university/programs/graduate-certificate-in-public-health	84	Graduate Certificate in Public Health
https://www.wheretoapply.xyz/universities/adelaide-university/programs/graduate-certificate-in-strategic-communication	43	Graduate Certificate in Strategic Communication
https://www.wheretoapply.xyz/universities/adelaide-university/programs/graduate-certificate-in-urban-and-regional-planning	77	Graduate Certificate in Urban and Regional Planning
https://www.wheretoapply.xyz/universities/adelaide-university/programs/graduate-diploma-in-accounting	63	Graduate Diploma in Accounting
https://www.wheretoapply.xyz/universities/adelaide-university/programs/graduate-diploma-in-business-administration	56	Graduate Diploma in Business Administration
https://www.wheretoapply.xyz/universities/adelaide-university/programs/graduate-diploma-in-business-analytics	55	Graduate Diploma in Business Analytics
https://www.wheretoapply.xyz/universities/adelaide-university/programs/graduate-diploma-in-construction-management	51	Graduate Diploma in Construction Management
https://www.wheretoapply.xyz/universities/adelaide-university/programs/graduate-diploma-in-counselling-and-psychotherapy	52	Graduate Diploma in Counselling and Psychotherapy
https://www.wheretoapply.xyz/universities/adelaide-university/programs/graduate-diploma-in-data-science	68	Graduate Diploma in Data Science
https://www.wheretoapply.xyz/universities/adelaide-university/programs/graduate-diploma-in-design	57	Graduate Diploma in Design
https://www.wheretoapply.xyz/universities/adelaide-university/programs/graduate-diploma-in-finance	55	Graduate Diploma in Finance
https://www.wheretoapply.xyz/universities/adelaide-university/programs/graduate-diploma-in-financial-planning	57	Graduate Diploma in Financial Planning
https://www.wheretoapply.xyz/universities/adelaide-university/programs/graduate-diploma-in-human-resource-management	62	Graduate Diploma in Human Resource Management
https://www.wheretoapply.xyz/universities/adelaide-university/programs/graduate-diploma-in-international-business	58	Graduate Diploma in International Business
https://www.wheretoapply.xyz/universities/adelaide-university/programs/graduate-diploma-in-management	54	Graduate Diploma in Management
https://www.wheretoapply.xyz/universities/adelaide-university/programs/graduate-diploma-in-marketing	57	Graduate Diploma in Marketing
https://www.wheretoapply.xyz/universities/adelaide-university/programs/graduate-diploma-in-midwifery	58	Graduate Diploma in Midwifery
https://www.wheretoapply.xyz/universities/adelaide-university/programs/graduate-diploma-in-nursing	55	Graduate Diploma in Nursing
https://www.wheretoapply.xyz/universities/adelaide-university/programs/graduate-diploma-in-procurement-and-supply-chain-management	54	Graduate Diploma in Procurement and Supply Chain Management
https://www.wheretoapply.xyz/universities/adelaide-university/programs/graduate-diploma-in-project-management	49	Graduate Diploma in Project Management
https://www.wheretoapply.xyz/universities/adelaide-university/programs/graduate-diploma-in-public-health	48	Graduate Diploma in Public Health
https://www.wheretoapply.xyz/universities/adelaide-university/programs/graduate-diploma-in-statistics	59	Graduate Diploma in Statistics
https://www.wheretoapply.xyz/universities/adelaide-university/programs/graduate-diploma-in-strategic-communication	56	Graduate Diploma in Strategic Communication
https://www.wheretoapply.xyz/universities/adelaide-university/programs/graduate-diploma-in-urban-and-regional-planning	64	Graduate Diploma in Urban and Regional Planning
https://www.wheretoapply.xyz/universities/adelaide-university/programs/graduate-diploma-in-viticulture-and-oenology	56	Graduate Diploma in Viticulture and Oenology
https://www.wheretoapply.xyz/universities/adelaide-university/programs/graduate-diploma-in-wine-and-food-business	66	Graduate Diploma in Wine and Food Business
https://www.wheretoapply.xyz/universities/adelaide-university/programs/master-of-aboriginal-studies	68	Master of Aboriginal Studies
https://www.wheretoapply.xyz/universities/adelaide-university/programs/master-of-accounting-and-business-analytics	58	Master of Accounting and Business Analytics
https://www.wheretoapply.xyz/universities/adelaide-university/programs/master-of-construction-management	56	Master of Construction Management
https://www.wheretoapply.xyz/universities/adelaide-university/programs/master-of-counselling-and-psychotherapy	56	Master of Counselling and Psychotherapy
https://www.wheretoapply.xyz/universities/adelaide-university/programs/master-of-curatorial-and-museum-studies	62	Master of Curatorial and Museum Studies
https://www.wheretoapply.xyz/universities/adelaide-university/programs/master-of-design	56	Master of Design
https://www.wheretoapply.xyz/universities/adelaide-university/programs/master-of-economics-and-resource-policy	57	Master of Economics and Resource Policy
https://www.wheretoapply.xyz/universities/adelaide-university/programs/master-of-education-studies	59	Master of Education Studies
https://www.wheretoapply.xyz/universities/adelaide-university/programs/master-of-immersive-media-technologies	53	Master of Immersive Media Technologies
https://www.wheretoapply.xyz/universities/adelaide-university/programs/master-of-international-and-security-law	52	Master of International and Security Law
https://www.wheretoapply.xyz/universities/adelaide-university/programs/master-of-landscape-architecture	57	Master of Landscape Architecture
https://www.wheretoapply.xyz/universities/adelaide-university/programs/master-of-laws	54	Master of Laws
https://www.wheretoapply.xyz/universities/adelaide-university/programs/master-of-management	54	Master of Management
https://www.wheretoapply.xyz/universities/adelaide-university/programs/master-of-midwifery	53	Master of Midwifery
https://www.wheretoapply.xyz/universities/adelaide-university/programs/master-of-music-performance-and-pedagogy	59	Master of Music (Performance and Pedagogy)
https://www.wheretoapply.xyz/universities/adelaide-university/programs/master-of-occupational-therapy-graduate-entry	64	Master of Occupational Therapy (Graduate Entry)
https://www.wheretoapply.xyz/universities/adelaide-university/programs/master-of-pharmacy	49	Master of Pharmacy
https://www.wheretoapply.xyz/universities/adelaide-university/programs/master-of-physiotherapy-graduate-entry	59	Master of Physiotherapy (Graduate Entry)
https://www.wheretoapply.xyz/universities/adelaide-university/programs/master-of-procurement-and-supply-chain-management	65	Master of Procurement and Supply Chain Management
https://www.wheretoapply.xyz/universities/adelaide-university/programs/master-of-statistics	54	Master of Statistics
https://www.wheretoapply.xyz/universities/adelaide-university/programs/master-of-strategic-communication	48	Master of Strategic Communication
https://www.wheretoapply.xyz/universities/adelaide-university/programs/master-of-technology-innovation-and-entrepreneurship	59	Master of Technology, Innovation and Entrepreneurship
https://www.wheretoapply.xyz/universities/adelaide-university/programs/master-of-tourism-events-and-hospitality-management	54	Master of Tourism, Events and Hospitality Management
https://www.wheretoapply.xyz/universities/adelaide-university/programs/master-of-urban-and-regional-planning	56	Master of Urban and Regional Planning
https://www.wheretoapply.xyz/universities/adelaide-university/programs/master-of-viticulture-and-oenology	56	Master of Viticulture and Oenology
https://www.wheretoapply.xyz/universities/adelaide-university/programs/master-of-wine-and-food-business	61	Master of Wine and Food Business
https://www.wheretoapply.xyz/universities/australian-catholic-university/programs/bachelor-of-allied-health	72	Bachelor of Allied Health
https://www.wheretoapply.xyz/universities/australian-catholic-university/programs/bachelor-of-biomedical-science-honours	84	Bachelor of Biomedical Science (Honours)
https://www.wheretoapply.xyz/universities/australian-catholic-university/programs/bachelor-of-educational-studies	65	Bachelor of Educational Studies
https://www.wheretoapply.xyz/universities/australian-catholic-university/programs/doctor-of-ministry	45	Doctor of Ministry
https://www.wheretoapply.xyz/universities/australian-catholic-university/programs/master-of-philosophy	54	Master of Philosophy
https://www.wheretoapply.xyz/universities/australian-institute-of-music/programs/bachelor-of-music-creative-technology	79	Bachelor of Music (Creative Technology)
https://www.wheretoapply.xyz/universities/australian-institute-of-music/programs/bachelor-of-music-theatre	83	Bachelor of Music Theatre
https://www.wheretoapply.xyz/universities/australian-national-university/programs/bachelor-of-archaeological-practice	70	Bachelor of Archaeological Practice
https://www.wheretoapply.xyz/universities/australian-national-university/programs/bachelor-of-art-history-and-curatorship	63	Bachelor of Art History and Curatorship
https://www.wheretoapply.xyz/universities/australian-national-university/programs/bachelor-of-asia-pacific-affairs	72	Bachelor of Asia-Pacific Affairs
https://www.wheretoapply.xyz/universities/australian-national-university/programs/bachelor-of-asian-studies	81	Bachelor of Asian Studies
https://www.wheretoapply.xyz/universities/australian-national-university/programs/bachelor-of-classical-studies-honours	73	Bachelor of Classical Studies (Honours)
https://www.wheretoapply.xyz/universities/australian-national-university/programs/bachelor-of-commerce-honours	84	Bachelor of Commerce (Honours)
https://www.wheretoapply.xyz/universities/australian-national-university/programs/bachelor-of-development-studies	78	Bachelor of Development Studies
https://www.wheretoapply.xyz/universities/australian-national-university/programs/bachelor-of-economics	80	Bachelor of Economics
https://www.wheretoapply.xyz/universities/australian-national-university/programs/bachelor-of-visual-arts-honours	73	Bachelor of Visual Arts (Honours)
https://www.wheretoapply.xyz/universities/australian-national-university/programs/doctor-of-medicine-and-surgery	72	Doctor of Medicine and Surgery
https://www.wheretoapply.xyz/universities/australian-national-university/programs/doctor-of-philosophy-australian-national-centre-for-the-public-awareness-of-science	82	Doctor of Philosophy, Australian National Centre for the Public Awareness of Science
https://www.wheretoapply.xyz/universities/australian-national-university/programs/doctor-of-philosophy-business-and-economics	73	Doctor of Philosophy (Business and Economics)
https://www.wheretoapply.xyz/universities/australian-national-university/programs/doctor-of-philosophy-culture-history-and-language	66	Doctor of Philosophy, Culture, History and Language
https://www.wheretoapply.xyz/universities/australian-national-university/programs/doctor-of-philosophy-engineering-and-computer-science	77	Doctor of Philosophy, Engineering and Computer Science
https://www.wheretoapply.xyz/universities/australian-national-university/programs/doctor-of-philosophy-fenner-school-of-environment-and-society	79	Doctor of Philosophy, Fenner School of Environment and Society
https://www.wheretoapply.xyz/universities/australian-national-university/programs/doctor-of-philosophy-international-political-and-strategic-studies	67	Doctor of Philosophy, International, Political and Strategic Studies
https://www.wheretoapply.xyz/universities/australian-national-university/programs/doctor-of-philosophy-medical-school	75	Doctor of Philosophy, Medical School
https://www.wheretoapply.xyz/universities/australian-national-university/programs/doctor-of-philosophy-psychology	74	Doctor of Philosophy, Psychology
https://www.wheretoapply.xyz/universities/australian-national-university/programs/doctor-of-philosophy-regulation-and-governance	54	Doctor of Philosophy, Regulation and Governance
https://www.wheretoapply.xyz/universities/australian-national-university/programs/doctor-of-philosophy-research-school-of-biology	77	Doctor of Philosophy, Research School of Biology
https://www.wheretoapply.xyz/universities/australian-national-university/programs/doctor-of-philosophy-research-school-of-physics-and-engineering	79	Doctor of Philosophy, Research School of Physics and Engineering
https://www.wheretoapply.xyz/universities/australian-national-university/programs/doctor-of-philosophy-research-school-of-population-health	78	Doctor of Philosophy, Research School of Population Health
https://www.wheretoapply.xyz/universities/australian-national-university/programs/doctor-of-philosophy-school-of-computing	76	Doctor of Philosophy, School of Computing
https://www.wheretoapply.xyz/universities/australian-national-university/programs/doctor-of-philosophy-school-of-cybernetics	80	Doctor of Philosophy, School of Cybernetics
https://www.wheretoapply.xyz/universities/australian-national-university/programs/doctor-of-philosophy-school-of-engineering	76	Doctor of Philosophy, School of Engineering
https://www.wheretoapply.xyz/universities/australian-national-university/programs/doctor-of-philosophy-science	74	Doctor of Philosophy, Science
https://www.wheretoapply.xyz/universities/australian-national-university/programs/flexible-double-masters	72	Flexible Double Masters
https://www.wheretoapply.xyz/universities/australian-national-university/programs/graduate-certificate-in-science-communication	80	Graduate Certificate in Science Communication
https://www.wheretoapply.xyz/universities/australian-national-university/programs/graduate-certificate-of-actuarial-statistics	74	Graduate Certificate of Actuarial Statistics
https://www.wheretoapply.xyz/universities/australian-national-university/programs/graduate-certificate-of-applied-cybernetics	66	Graduate Certificate of Applied Cybernetics
https://www.wheretoapply.xyz/universities/australian-national-university/programs/graduate-certificate-of-demography	65	Graduate Certificate of Demography
https://www.wheretoapply.xyz/universities/australian-national-university/programs/graduate-certificate-of-economics	80	Graduate Certificate of Economics
https://www.wheretoapply.xyz/universities/australian-national-university/programs/graduate-certificate-of-finance	74	Graduate Certificate of Finance
https://www.wheretoapply.xyz/universities/australian-national-university/programs/graduate-certificate-of-management	66	Graduate Certificate of Management
https://www.wheretoapply.xyz/universities/australian-national-university/programs/graduate-certificate-of-middle-eastern-and-central-asian-studies	77	Graduate Certificate of Middle Eastern and Central Asian Studies
https://www.wheretoapply.xyz/universities/australian-national-university/programs/graduate-certificate-of-national-security-policy	81	Graduate Certificate of National Security Policy
https://www.wheretoapply.xyz/universities/australian-national-university/programs/graduate-certificate-of-nuclear-science-and-technology	83	Graduate Certificate of Nuclear Science and Technology
https://www.wheretoapply.xyz/universities/australian-national-university/programs/graduate-certificate-of-pacific-studies	81	Graduate Certificate of Pacific Studies
https://www.wheretoapply.xyz/universities/australian-national-university/programs/graduate-certificate-of-public-policy	82	Graduate Certificate of Public Policy
https://www.wheretoapply.xyz/universities/australian-national-university/programs/graduate-certificate-of-studies	81	Graduate Certificate of Studies
https://www.wheretoapply.xyz/universities/australian-national-university/programs/graduate-diploma-of-economics	81	Graduate Diploma of Economics
https://www.wheretoapply.xyz/universities/australian-national-university/programs/graduate-diploma-of-professional-psychology	80	Graduate Diploma of Professional Psychology
https://www.wheretoapply.xyz/universities/australian-national-university/programs/master-of-anthropology-and-planetary-futures	78	Master of Anthropology and Planetary Futures
https://www.wheretoapply.xyz/universities/australian-national-university/programs/master-of-applied-accounting	80	Master of Applied Accounting
https://www.wheretoapply.xyz/universities/australian-national-university/programs/master-of-applied-criminology	75	Master of Applied Criminology
https://www.wheretoapply.xyz/universities/australian-national-university/programs/master-of-applied-cybernetics	79	Master of Applied Cybernetics
https://www.wheretoapply.xyz/universities/australian-national-university/programs/master-of-biotechnology	72	Master of Biotechnology
https://www.wheretoapply.xyz/universities/australian-national-university/programs/master-of-business-administration	60	Master of Business Administration
https://www.wheretoapply.xyz/universities/australian-national-university/programs/master-of-business-information-systems	84	Master of Business Information Systems
https://www.wheretoapply.xyz/universities/australian-national-university/programs/master-of-clinical-psychology	70	Master of Clinical Psychology
https://www.wheretoapply.xyz/universities/australian-national-university/programs/master-of-diplomacy	71	Master of Diplomacy
https://www.wheretoapply.xyz/universities/australian-national-university/programs/master-of-economic-policy	82	Master of Economic Policy
https://www.wheretoapply.xyz/universities/australian-national-university/programs/master-of-governance-advanced	84	Master of Governance (Advanced)
https://www.wheretoapply.xyz/universities/australian-national-university/programs/master-of-international-and-development-economics	83	Master of International and Development Economics
https://www.wheretoapply.xyz/universities/australian-national-university/programs/master-of-international-law-and-diplomacy	83	Master of International Law and Diplomacy
https://www.wheretoapply.xyz/universities/australian-national-university/programs/master-of-international-management	83	Master of International Management
https://www.wheretoapply.xyz/universities/australian-national-university/programs/master-of-laws	74	Master of Laws
https://www.wheretoapply.xyz/universities/australian-national-university/programs/master-of-management	82	Master of Management
https://www.wheretoapply.xyz/universities/australian-national-university/programs/master-of-neuroscience-advanced	80	Master of Neuroscience (Advanced)
https://www.wheretoapply.xyz/universities/australian-national-university/programs/master-of-philosophy-australian-national-centre-for-the-public-awareness-of-science	80	Master of Philosophy, Australian National Centre for the Public Awareness of Science
https://www.wheretoapply.xyz/universities/australian-national-university/programs/master-of-philosophy-business-and-economics	72	Master of Philosophy (Business and Economics)
https://www.wheretoapply.xyz/universities/australian-national-university/programs/master-of-philosophy-engineering-and-computer-science	76	Master of Philosophy, Engineering and Computer Science
https://www.wheretoapply.xyz/universities/australian-national-university/programs/master-of-philosophy-fenner-school-of-environment-and-society	77	Master of Philosophy, Fenner School of Environment and Society
https://www.wheretoapply.xyz/universities/australian-national-university/programs/master-of-philosophy-psychology	72	Master of Philosophy, Psychology
https://www.wheretoapply.xyz/universities/australian-national-university/programs/master-of-philosophy-regulation-and-governance	78	Master of Philosophy, Regulation and Governance
https://www.wheretoapply.xyz/universities/australian-national-university/programs/master-of-philosophy-research-school-of-biology	75	Master of Philosophy, Research School of Biology
https://www.wheretoapply.xyz/universities/australian-national-university/programs/master-of-philosophy-research-school-of-physics-and-engineering	77	Master of Philosophy, Research School of Physics and Engineering
https://www.wheretoapply.xyz/universities/australian-national-university/programs/master-of-philosophy-research-school-of-population-health	76	Master of Philosophy, Research School of Population Health
https://www.wheretoapply.xyz/universities/australian-national-university/programs/master-of-philosophy-school-of-computing	84	Master of Philosophy, School of Computing
https://www.wheretoapply.xyz/universities/australian-national-university/programs/master-of-philosophy-school-of-cybernetics	74	Master of Philosophy, School of Cybernetics
https://www.wheretoapply.xyz/universities/australian-national-university/programs/master-of-philosophy-school-of-engineering	75	Master of Philosophy, School of Engineering
https://www.wheretoapply.xyz/universities/australian-national-university/programs/master-of-project-leadership	62	Master of Project Leadership
https://www.wheretoapply.xyz/universities/australian-national-university/programs/master-of-project-management	71	Master of Project Management
https://www.wheretoapply.xyz/universities/australian-national-university/programs/master-of-social-research-methods	79	Master of Social Research Methods
https://www.wheretoapply.xyz/universities/avondale-university/programs/bachelor-of-education-early-childhood-birth-5-years	74	Bachelor of Education (Early Childhood)(Birth - 5 Years)
https://www.wheretoapply.xyz/universities/avondale-university/programs/bachelor-of-ministry-and-theology	76	Bachelor of Ministry and Theology
https://www.wheretoapply.xyz/universities/avondale-university/programs/bachelor-of-nursing	78	Bachelor of Nursing
https://www.wheretoapply.xyz/universities/avondale-university/programs/bachelor-of-theology	58	Bachelor of Theology
https://www.wheretoapply.xyz/universities/avondale-university/programs/diploma-of-business	46	Diploma of Business
https://www.wheretoapply.xyz/universities/avondale-university/programs/doctor-of-philosophy	52	Doctor of Philosophy
https://www.wheretoapply.xyz/universities/avondale-university/programs/master-of-arts	69	Master of Arts
https://www.wheretoapply.xyz/universities/avondale-university/programs/master-of-education	75	Master of Education
https://www.wheretoapply.xyz/universities/avondale-university/programs/master-of-ministry	60	Master of Ministry
https://www.wheretoapply.xyz/universities/avondale-university/programs/master-of-philosophy	57	Master of Philosophy
https://www.wheretoapply.xyz/universities/avondale-university/programs/master-of-teaching-primary	66	Master of Teaching (Primary)
https://www.wheretoapply.xyz/universities/avondale-university/programs/undergraduate-certificate-in-business	61	Undergraduate Certificate in Business
https://www.wheretoapply.xyz/universities/avondale-university/programs/undergraduate-certificate-in-university-preparation	63	Undergraduate Certificate in University Preparation
https://www.wheretoapply.xyz/universities/bond-university/programs/graduate-certificate-in-criminology	84	Graduate Certificate in Criminology
https://www.wheretoapply.xyz/universities/bond-university/programs/graduate-certificate-in-sport-management	72	Graduate Certificate in Sport Management
https://www.wheretoapply.xyz/universities/bond-university/programs/graduate-diploma-in-healthcare-innovations	77	Graduate Diploma in Healthcare Innovations
https://www.wheretoapply.xyz/universities/bond-university/programs/graduate-diploma-in-sport-management	81	Graduate Diploma in Sport Management
https://www.wheretoapply.xyz/universities/charles-darwin-university/programs/associate-degree-of-information-and-communication-technology	79	Associate Degree of Information and Communication Technology
https://www.wheretoapply.xyz/universities/charles-darwin-university/programs/associate-degree-of-network-engineering	78	Associate Degree of Network Engineering
https://www.wheretoapply.xyz/universities/charles-darwin-university/programs/bachelor-of-business	81	Bachelor of Business
https://www.wheretoapply.xyz/universities/charles-darwin-university/programs/bachelor-of-computer-science	75	Bachelor of Computer Science
https://www.wheretoapply.xyz/universities/charles-darwin-university/programs/bachelor-of-digital-enterprise	84	Bachelor of Digital Enterprise
https://www.wheretoapply.xyz/universities/charles-darwin-university/programs/bachelor-of-information-technology	76	Bachelor of Information Technology
https://www.wheretoapply.xyz/universities/charles-darwin-university/programs/bachelor-of-psychological-science-honours	78	Bachelor of Psychological Science Honours
https://www.wheretoapply.xyz/universities/charles-darwin-university/programs/diploma-of-counselling	66	Diploma of Counselling
https://www.wheretoapply.xyz/universities/charles-darwin-university/programs/diploma-of-engineering	73	Diploma of Engineering
https://www.wheretoapply.xyz/universities/charles-darwin-university/programs/diploma-of-network-engineering	83	Diploma of Network Engineering
https://www.wheretoapply.xyz/universities/charles-darwin-university/programs/doctor-of-pharmacy	83	Doctor of Pharmacy
https://www.wheretoapply.xyz/universities/charles-darwin-university/programs/graduate-certificate-of-business	76	Graduate Certificate of Business
https://www.wheretoapply.xyz/universities/charles-darwin-university/programs/graduate-certificate-of-specialist-education	81	Graduate Certificate of Specialist Education
https://www.wheretoapply.xyz/universities/charles-darwin-university/programs/graduate-certificate-of-university-learning-and-teaching	83	Graduate Certificate of University Learning and Teaching
https://www.wheretoapply.xyz/universities/charles-darwin-university/programs/master-by-research-ias	80	Master by Research (Ias)
https://www.wheretoapply.xyz/universities/charles-darwin-university/programs/master-of-medical-laboratory-science	80	Master of Medical Laboratory Science
https://www.wheretoapply.xyz/universities/charles-darwin-university/programs/master-of-social-work-qualifying	80	Master of Social Work (Qualifying)
https://www.wheretoapply.xyz/universities/charles-sturt-university/programs/bachelor-of-business-with-specialisations	55	Bachelor of Business (with specialisations)
https://www.wheretoapply.xyz/universities/charles-sturt-university/programs/bachelor-of-information-technology	84	Bachelor of Information Technology
https://www.wheretoapply.xyz/universities/charles-sturt-university/programs/bachelor-of-medical-radiation-science	82	Bachelor of Medical Radiation Science
https://www.wheretoapply.xyz/universities/charles-sturt-university/programs/bachelor-of-occupational-therapy	76	Bachelor of Occupational Therapy
https://www.wheretoapply.xyz/universities/charles-sturt-university/programs/bachelor-of-oral-health-therapy-and-hygiene	82	Bachelor of Oral Health (Therapy and Hygiene)
https://www.wheretoapply.xyz/universities/charles-sturt-university/programs/bachelor-of-paramedicine	77	Bachelor of Paramedicine
https://www.wheretoapply.xyz/universities/charles-sturt-university/programs/bachelor-of-physiotherapy	72	Bachelor of Physiotherapy
https://www.wheretoapply.xyz/universities/charles-sturt-university/programs/bachelor-of-physiotherapy-honours-integrated-honours	44	Bachelor of Physiotherapy (Honours) Integrated Honours
https://www.wheretoapply.xyz/universities/charles-sturt-university/programs/bachelor-of-social-science-psychology	78	Bachelor of Social Science (Psychology)
https://www.wheretoapply.xyz/universities/charles-sturt-university/programs/bachelor-of-theology	59	Bachelor of Theology
https://www.wheretoapply.xyz/universities/charles-sturt-university/programs/bachelor-of-wine-business	63	Bachelor of Wine Business
https://www.wheretoapply.xyz/universities/charles-sturt-university/programs/doctor-of-philosophy-lab-based-science	61	Doctor of Philosophy (Lab Based Science)
https://www.wheretoapply.xyz/universities/charles-sturt-university/programs/doctor-of-veterinary-studies	81	Doctor of Veterinary Studies
https://www.wheretoapply.xyz/universities/charles-sturt-university/programs/graduate-certificate-in-agricultural-business-management-exit-only	72	Graduate Certificate in Agricultural Business Management [Exit Only]
https://www.wheretoapply.xyz/universities/charles-sturt-university/programs/graduate-certificate-in-agriculture-exit-only	55	Graduate Certificate in Agriculture [Exit Only]
https://www.wheretoapply.xyz/universities/charles-sturt-university/programs/graduate-certificate-in-human-services	70	Graduate Certificate in Human Services
https://www.wheretoapply.xyz/universities/charles-sturt-university/programs/graduate-certificate-in-professional-accounting-professional-practice-exit-only	83	Graduate Certificate in Professional Accounting (Professional Practice) [Exit Only]
https://www.wheretoapply.xyz/universities/charles-sturt-university/programs/graduate-certificate-in-professional-information-technology-exit-point-only	70	Graduate Certificate in Professional Information Technology [Exit Point Only]
https://www.wheretoapply.xyz/universities/charles-sturt-university/programs/graduate-certificate-in-theological-studies	74	Graduate Certificate in Theological Studies
https://www.wheretoapply.xyz/universities/charles-sturt-university/programs/graduate-diploma-of-business-data-analytics	56	Graduate Diploma of Business Data Analytics
https://www.wheretoapply.xyz/universities/charles-sturt-university/programs/graduate-diploma-of-professional-information-technology	81	Graduate Diploma of Professional Information Technology
https://www.wheretoapply.xyz/universities/charles-sturt-university/programs/graduate-diploma-of-project-management-and-leadership	79	Graduate Diploma of Project Management and Leadership
https://www.wheretoapply.xyz/universities/charles-sturt-university/programs/master-of-agricultural-science	49	Master of Agricultural Science
https://www.wheretoapply.xyz/universities/charles-sturt-university/programs/master-of-agriculture	55	Master of Agriculture
https://www.wheretoapply.xyz/universities/charles-sturt-university/programs/master-of-arts-theological-studies	75	Master of Arts (Theological Studies)
https://www.wheretoapply.xyz/universities/charles-sturt-university/programs/master-of-philosophy-lab-based	63	Master of Philosophy (Lab Based)
https://www.wheretoapply.xyz/universities/charles-sturt-university/programs/master-of-professional-accounting-professional-practice	73	Master of Professional Accounting (Professional Practice)
https://www.wheretoapply.xyz/universities/charles-sturt-university/programs/master-of-social-work-professional-qualifying	83	Master of Social Work (Professional Qualifying)
https://www.wheretoapply.xyz/universities/charles-sturt-university/programs/master-of-veterinary-studies-research	71	Master of Veterinary Studies (Research)
https://www.wheretoapply.xyz/universities/cquniversity-australia/programs/bachelor-of-accounting	65	Bachelor of Accounting
https://www.wheretoapply.xyz/universities/cquniversity-australia/programs/bachelor-of-agriculture	64	Bachelor of Agriculture
https://www.wheretoapply.xyz/universities/cquniversity-australia/programs/bachelor-of-engineering-honours-and-diploma-of-professional-practice-co-op-engineering	64	Bachelor of Engineering (Honours) and Diploma of Professional Practice (Co-Op Engineering)
https://www.wheretoapply.xyz/universities/cquniversity-australia/programs/bachelor-of-engineering-technology	77	Bachelor of Engineering Technology
https://www.wheretoapply.xyz/universities/cquniversity-australia/programs/bachelor-of-exercise-and-sport-sciences	81	Bachelor of Exercise and Sport Sciences
https://www.wheretoapply.xyz/universities/cquniversity-australia/programs/bachelor-of-medical-laboratory-science-honours	68	Bachelor of Medical Laboratory Science (Honours)
https://www.wheretoapply.xyz/universities/cquniversity-australia/programs/bachelor-of-medical-science-specialisation	65	Bachelor of Medical Science (Specialisation)
https://www.wheretoapply.xyz/universities/cquniversity-australia/programs/bachelor-of-music-specialisation	74	Bachelor of Music (Specialisation)
https://www.wheretoapply.xyz/universities/cquniversity-australia/programs/bachelor-of-occupational-therapy-honours	70	Bachelor of Occupational Therapy (Honours)
https://www.wheretoapply.xyz/universities/cquniversity-australia/programs/bachelor-of-oral-health	73	Bachelor of Oral Health
https://www.wheretoapply.xyz/universities/cquniversity-australia/programs/bachelor-of-physiotherapy-honours	73	Bachelor of Physiotherapy (Honours)
https://www.wheretoapply.xyz/universities/cquniversity-australia/programs/bachelor-of-podiatry-practice-honours	69	Bachelor of Podiatry Practice (Honours)
https://www.wheretoapply.xyz/universities/cquniversity-australia/programs/bachelor-of-science-chiropractic	54	Bachelor of Science (Chiropractic)
https://www.wheretoapply.xyz/universities/cquniversity-australia/programs/bachelor-of-theatre-specialisation	70	Bachelor of Theatre (Specialisation)
https://www.wheretoapply.xyz/universities/cquniversity-australia/programs/diploma-of-arts	66	Diploma of Arts
https://www.wheretoapply.xyz/universities/cquniversity-australia/programs/diploma-of-business-studies	59	Diploma of Business Studies
https://www.wheretoapply.xyz/universities/cquniversity-australia/programs/diploma-of-digital-media	83	Diploma of Digital Media
https://www.wheretoapply.xyz/universities/cquniversity-australia/programs/diploma-of-information-and-communications-technology	60	Diploma of Information and Communications Technology
https://www.wheretoapply.xyz/universities/cquniversity-australia/programs/diploma-of-music	72	Diploma of Music
https://www.wheretoapply.xyz/universities/cquniversity-australia/programs/doctor-of-education	59	Doctor of Education
https://www.wheretoapply.xyz/universities/cquniversity-australia/programs/doctor-of-philosophy	82	Doctor of Philosophy
https://www.wheretoapply.xyz/universities/cquniversity-australia/programs/graduate-certificate-in-business-administration	55	Graduate Certificate in Business Administration
https://www.wheretoapply.xyz/universities/cquniversity-australia/programs/graduate-certificate-in-emergency-and-disaster-management	74	Graduate Certificate in Emergency and Disaster Management
https://www.wheretoapply.xyz/universities/cquniversity-australia/programs/graduate-certificate-in-first-nations-public-health	77	Graduate Certificate in First Nations Public Health
https://www.wheretoapply.xyz/universities/cquniversity-australia/programs/graduate-certificate-in-information-technology	56	Graduate Certificate in Information Technology
https://www.wheretoapply.xyz/universities/cquniversity-australia/programs/graduate-certificate-in-management	72	Graduate Certificate in Management
https://www.wheretoapply.xyz/universities/cquniversity-australia/programs/graduate-certificate-in-professional-accounting	66	Graduate Certificate in Professional Accounting
https://www.wheretoapply.xyz/universities/cquniversity-australia/programs/graduate-certificate-in-project-management	76	Graduate Certificate in Project Management
https://www.wheretoapply.xyz/universities/cquniversity-australia/programs/graduate-certificate-in-public-health	62	Graduate Certificate in Public Health
https://www.wheretoapply.xyz/universities/cquniversity-australia/programs/graduate-certificate-in-research	84	Graduate Certificate in Research
https://www.wheretoapply.xyz/universities/cquniversity-australia/programs/graduate-certificate-in-sustainable-development	55	Graduate Certificate in Sustainable Development
https://www.wheretoapply.xyz/universities/cquniversity-australia/programs/graduate-diploma-of-business-administration	65	Graduate Diploma of Business Administration
https://www.wheretoapply.xyz/universities/cquniversity-australia/programs/graduate-diploma-of-construction-management	81	Graduate Diploma of Construction Management
https://www.wheretoapply.xyz/universities/cquniversity-australia/programs/graduate-diploma-of-human-resource-management	60	Graduate Diploma of Human Resource Management
https://www.wheretoapply.xyz/universities/cquniversity-australia/programs/graduate-diploma-of-international-business	65	Graduate Diploma of International Business
https://www.wheretoapply.xyz/universities/cquniversity-australia/programs/graduate-diploma-of-marketing	61	Graduate Diploma of Marketing
https://www.wheretoapply.xyz/universities/cquniversity-australia/programs/graduate-diploma-of-professional-accounting	56	Graduate Diploma of Professional Accounting
https://www.wheretoapply.xyz/universities/cquniversity-australia/programs/graduate-diploma-of-project-management	70	Graduate Diploma of Project Management
https://www.wheretoapply.xyz/universities/cquniversity-australia/programs/graduate-diploma-of-sustainable-development	76	Graduate Diploma of Sustainable Development
https://www.wheretoapply.xyz/universities/cquniversity-australia/programs/master-of-business-administration	68	Master of Business Administration
https://www.wheretoapply.xyz/universities/cquniversity-australia/programs/master-of-construction-management	81	Master of Construction Management
https://www.wheretoapply.xyz/universities/cquniversity-australia/programs/master-of-engineering	79	Master of Engineering
https://www.wheretoapply.xyz/universities/cquniversity-australia/programs/master-of-laboratory-medicine	67	Master of Laboratory Medicine
https://www.wheretoapply.xyz/universities/cquniversity-australia/programs/master-of-professional-accounting	82	Master of Professional Accounting
https://www.wheretoapply.xyz/universities/cquniversity-australia/programs/master-of-project-management	81	Master of Project Management
https://www.wheretoapply.xyz/universities/cquniversity-australia/programs/master-of-public-health	66	Master of Public Health
https://www.wheretoapply.xyz/universities/cquniversity-australia/programs/master-of-research	61	Master of Research
https://www.wheretoapply.xyz/universities/cquniversity-australia/programs/master-of-social-work-qualifying	65	Master of Social Work (Qualifying)
https://www.wheretoapply.xyz/universities/cquniversity-australia/programs/master-of-sustainable-development	71	Master of Sustainable Development
https://www.wheretoapply.xyz/universities/curtin-university/programs/bachelor-of-actuarial-science	74	Bachelor of Actuarial Science
https://www.wheretoapply.xyz/universities/curtin-university/programs/bachelor-of-design	82	Bachelor of Design
https://www.wheretoapply.xyz/universities/curtin-university/programs/bachelor-of-laws	78	Bachelor of Laws
https://www.wheretoapply.xyz/universities/curtin-university/programs/doctor-of-philosophy-business-and-management	73	Doctor of Philosophy - Business and Management
https://www.wheretoapply.xyz/universities/curtin-university/programs/doctor-of-philosophy-exercise-sports-and-rehabilitation-science	79	Doctor of Philosophy - Exercise, Sports and Rehabilitation Science
https://www.wheretoapply.xyz/universities/curtin-university/programs/doctor-of-philosophy-medical-radiation-science	73	Doctor of Philosophy - Medical Radiation Science
https://www.wheretoapply.xyz/universities/curtin-university/programs/doctor-of-philosophy-medicine	71	Doctor of Philosophy - Medicine
https://www.wheretoapply.xyz/universities/curtin-university/programs/doctor-of-sustainable-development	82	Doctor of Sustainable Development
https://www.wheretoapply.xyz/universities/curtin-university/programs/doctor-or-philosophy-law	71	Doctor of Philosophy - Law
https://www.wheretoapply.xyz/universities/curtin-university/programs/graduate-certificate-in-clinical-physiotherapy	62	Graduate Certificate in Clinical Physiotherapy
https://www.wheretoapply.xyz/universities/curtin-university/programs/graduate-certificate-in-continence-and-pelvic-health-physiotherapy	63	Graduate Certificate in Continence and Pelvic Health Physiotherapy
https://www.wheretoapply.xyz/universities/curtin-university/programs/graduate-certificate-in-food-science-and-technology	66	Graduate Certificate in Food Science and Technology
https://www.wheretoapply.xyz/universities/curtin-university/programs/graduate-certificate-in-information-systems-and-technology	62	Graduate Certificate in Information Systems and Technology
https://www.wheretoapply.xyz/universities/curtin-university/programs/graduate-certificate-in-mineral-and-energy-economics	78	Graduate Certificate in Mineral and Energy Economics
https://www.wheretoapply.xyz/universities/curtin-university/programs/graduate-certificate-in-multimedia-journalism	77	Graduate Certificate in Multimedia Journalism
https://www.wheretoapply.xyz/universities/curtin-university/programs/graduate-certificate-in-public-health	60	Graduate Certificate in Public Health
https://www.wheretoapply.xyz/universities/curtin-university/programs/graduate-diploma-in-legal-practice	77	Graduate Diploma in Legal Practice
https://www.wheretoapply.xyz/universities/curtin-university/programs/graduate-diploma-in-metallurgy	70	Graduate Diploma in Metallurgy
https://www.wheretoapply.xyz/universities/curtin-university/programs/graduate-diploma-in-occupational-health-and-safety	70	Graduate Diploma in Occupational Health and Safety
https://www.wheretoapply.xyz/universities/curtin-university/programs/graduate-diploma-in-public-health	64	Graduate Diploma in Public Health
https://www.wheretoapply.xyz/universities/curtin-university/programs/graduate-diploma-in-sexology	73	Graduate Diploma in Sexology
https://www.wheretoapply.xyz/universities/curtin-university/programs/master-of-actuarial-science	70	Master of Actuarial Science
https://www.wheretoapply.xyz/universities/curtin-university/programs/master-of-architecture	71	Master of Architecture
https://www.wheretoapply.xyz/universities/curtin-university/programs/master-of-arts-applied-linguistics	68	Master of Arts (Applied Linguistics)
https://www.wheretoapply.xyz/universities/curtin-university/programs/master-of-clinical-physiotherapy	63	Master of Clinical Physiotherapy
https://www.wheretoapply.xyz/universities/curtin-university/programs/master-of-clinical-psychology	80	Master of Clinical Psychology
https://www.wheretoapply.xyz/universities/curtin-university/programs/master-of-geoscience	76	Master of Geoscience
https://www.wheretoapply.xyz/universities/curtin-university/programs/master-of-occupational-health-and-safety	70	Master of Occupational Health and Safety
https://www.wheretoapply.xyz/universities/curtin-university/programs/master-of-philosophy-accounting	79	Master of Philosophy (Accounting)
https://www.wheretoapply.xyz/universities/curtin-university/programs/master-of-research-agriculture	75	Master of Research (Agriculture)
https://www.wheretoapply.xyz/universities/curtin-university/programs/master-of-tesol	75	Master of TESOL
https://www.wheretoapply.xyz/universities/deakin-university/programs/bachelor-of-artificial-intelligence	81	Bachelor of Artificial Intelligence
https://www.wheretoapply.xyz/universities/deakin-university/programs/bachelor-of-business-analytics	84	Bachelor of Business Analytics
https://www.wheretoapply.xyz/universities/deakin-university/programs/bachelor-of-business-sport-management	80	Bachelor of Business (Sport Management)
https://www.wheretoapply.xyz/universities/deakin-university/programs/bachelor-of-data-science	80	Bachelor of Data Science
https://www.wheretoapply.xyz/universities/deakin-university/programs/bachelor-of-digital-marketing-and-advertising	83	Bachelor of Digital Marketing and Advertising
https://www.wheretoapply.xyz/universities/deakin-university/programs/bachelor-of-film-television-and-animation	72	Bachelor of Film, Television and Animation
https://www.wheretoapply.xyz/universities/deakin-university/programs/bachelor-of-fine-arts	78	Bachelor of Fine Arts
https://www.wheretoapply.xyz/universities/deakin-university/programs/bachelor-of-forensic-science-honours	83	Bachelor of Forensic Science (Honours)
https://www.wheretoapply.xyz/universities/deakin-university/programs/bachelor-of-health-and-physical-education	75	Bachelor of Health and Physical Education
https://www.wheretoapply.xyz/universities/deakin-university/programs/bachelor-of-marine-science	83	Bachelor of Marine Science
https://www.wheretoapply.xyz/universities/deakin-university/programs/bachelor-of-mechanical-engineering-honours	75	Bachelor of Mechanical Engineering (Honours)
https://www.wheretoapply.xyz/universities/deakin-university/programs/bachelor-of-mechatronics-engineering-honours	81	Bachelor of Mechatronics Engineering (Honours)
https://www.wheretoapply.xyz/universities/deakin-university/programs/bachelor-of-medical-imaging	81	Bachelor of Medical Imaging
https://www.wheretoapply.xyz/universities/deakin-university/programs/bachelor-of-public-health-and-health-promotion	83	Bachelor of Public Health and Health Promotion
https://www.wheretoapply.xyz/universities/deakin-university/programs/graduate-diploma-of-biotechnology	84	Graduate Diploma of Biotechnology
https://www.wheretoapply.xyz/universities/deakin-university/programs/master-of-applied-artificial-intelligence	84	Master of Applied Artificial Intelligence
https://www.wheretoapply.xyz/universities/deakin-university/programs/master-of-counselling	81	Master of Counselling
https://www.wheretoapply.xyz/universities/deakin-university/programs/master-of-film-and-television	84	Master of Film and Television
https://www.wheretoapply.xyz/universities/deakin-university/programs/master-of-finance	83	Master of Finance
https://www.wheretoapply.xyz/universities/deakin-university/programs/master-of-health-economics	80	Master of Health Economics
https://www.wheretoapply.xyz/universities/deakin-university/programs/master-of-humanitarian-development-and-disaster-studies	84	Master of Humanitarian, Development and Disaster Studies
https://www.wheretoapply.xyz/universities/deakin-university/programs/master-of-professional-psychology	84	Master of Professional Psychology
https://www.wheretoapply.xyz/universities/edith-cowan-university/programs/bachelor-of-aviation	80	Bachelor of Aviation
https://www.wheretoapply.xyz/universities/edith-cowan-university/programs/bachelor-of-biomedical-science	78	Bachelor of Biomedical Science
https://www.wheretoapply.xyz/universities/edith-cowan-university/programs/bachelor-of-business-analytics	72	Bachelor of Business Analytics
https://www.wheretoapply.xyz/universities/edith-cowan-university/programs/bachelor-of-commerce	68	Bachelor of Commerce
https://www.wheretoapply.xyz/universities/edith-cowan-university/programs/bachelor-of-communication	71	Bachelor of Communication
https://www.wheretoapply.xyz/universities/edith-cowan-university/programs/bachelor-of-community-and-human-services	80	Bachelor of Community and Human Services
https://www.wheretoapply.xyz/universities/edith-cowan-university/programs/bachelor-of-computer-science	68	Bachelor of Computer Science
https://www.wheretoapply.xyz/universities/edith-cowan-university/programs/bachelor-of-counselling	74	Bachelor of Counselling
https://www.wheretoapply.xyz/universities/edith-cowan-university/programs/bachelor-of-counter-terrorism-security-and-intelligence	69	Bachelor of Counter Terrorism Security and Intelligence
https://www.wheretoapply.xyz/universities/edith-cowan-university/programs/bachelor-of-creative-and-performing-arts-honours	76	Bachelor of Creative and Performing Arts Honours
https://www.wheretoapply.xyz/universities/edith-cowan-university/programs/bachelor-of-creative-writing	69	Bachelor of Creative Writing
https://www.wheretoapply.xyz/universities/edith-cowan-university/programs/bachelor-of-design	69	Bachelor of Design
https://www.wheretoapply.xyz/universities/edith-cowan-university/programs/bachelor-of-environmental-science	79	Bachelor of Environmental Science
https://www.wheretoapply.xyz/universities/edith-cowan-university/programs/bachelor-of-global-media-and-communication	73	Bachelor of Global Media and Communication
https://www.wheretoapply.xyz/universities/edith-cowan-university/programs/bachelor-of-global-sport-business-management-international	74	Bachelor of Global Sport Business Management (International)
https://www.wheretoapply.xyz/universities/edith-cowan-university/programs/bachelor-of-health-science	69	Bachelor of Health Science
https://www.wheretoapply.xyz/universities/edith-cowan-university/programs/bachelor-of-hospitality-and-tourism-management	71	Bachelor of Hospitality and Tourism Management
https://www.wheretoapply.xyz/universities/edith-cowan-university/programs/bachelor-of-information-technology	62	Bachelor of Information Technology
https://www.wheretoapply.xyz/universities/edith-cowan-university/programs/bachelor-of-journalism-and-broadcast-media	69	Bachelor of Journalism and Broadcast Media
https://www.wheretoapply.xyz/universities/edith-cowan-university/programs/bachelor-of-laws	66	Bachelor of Laws
https://www.wheretoapply.xyz/universities/edith-cowan-university/programs/bachelor-of-marketing-advertising-and-public-relations	70	Bachelor of Marketing, Advertising and Public Relations
https://www.wheretoapply.xyz/universities/edith-cowan-university/programs/bachelor-of-music	71	Bachelor of Music
https://www.wheretoapply.xyz/universities/edith-cowan-university/programs/bachelor-of-music-honours	70	Bachelor of Music Honours
https://www.wheretoapply.xyz/universities/edith-cowan-university/programs/bachelor-of-osteopathy-honours	74	Bachelor of Osteopathy Honours
https://www.wheretoapply.xyz/universities/edith-cowan-university/programs/bachelor-of-performing-arts	64	Bachelor of Performing Arts
https://www.wheretoapply.xyz/universities/edith-cowan-university/programs/bachelor-of-preclinical-foundations-of-imaging-science	76	Bachelor of Preclinical Foundations of Imaging Science
https://www.wheretoapply.xyz/universities/edith-cowan-university/programs/bachelor-of-psychological-science	72	Bachelor of Psychological Science
https://www.wheretoapply.xyz/universities/edith-cowan-university/programs/bachelor-of-psychology-and-counselling	65	Bachelor of Psychology and Counselling
https://www.wheretoapply.xyz/universities/edith-cowan-university/programs/bachelor-of-psychology-criminology-and-justice	71	Bachelor of Psychology, Criminology and Justice
https://www.wheretoapply.xyz/universities/edith-cowan-university/programs/bachelor-of-psychology-honours	73	Bachelor of Psychology (Honours)
https://www.wheretoapply.xyz/universities/edith-cowan-university/programs/bachelor-of-science-nursing	82	Bachelor of Science (Nursing)
https://www.wheretoapply.xyz/universities/edith-cowan-university/programs/bachelor-of-science-occupational-therapy-honours	68	Bachelor of Science (Occupational Therapy) Honours
https://www.wheretoapply.xyz/universities/edith-cowan-university/programs/bachelor-of-screen-production	65	Bachelor of Screen Production
https://www.wheretoapply.xyz/universities/edith-cowan-university/programs/bachelor-of-social-work	70	Bachelor of Social Work
https://www.wheretoapply.xyz/universities/edith-cowan-university/programs/bachelor-of-speech-pathology	60	Bachelor of Speech Pathology
https://www.wheretoapply.xyz/universities/edith-cowan-university/programs/bachelor-of-speech-pathology-honours	70	Bachelor of Speech Pathology Honours
https://www.wheretoapply.xyz/universities/edith-cowan-university/programs/bachelor-of-technology-motorsports	80	Bachelor of Technology (Motorsports)
https://www.wheretoapply.xyz/universities/edith-cowan-university/programs/bachelor-of-visual-arts	73	Bachelor of Visual Arts
https://www.wheretoapply.xyz/universities/edith-cowan-university/programs/bachelor-of-youth-work	68	Bachelor of Youth Work
https://www.wheretoapply.xyz/universities/edith-cowan-university/programs/diploma-in-aviation	74	Diploma in Aviation
https://www.wheretoapply.xyz/universities/edith-cowan-university/programs/doctor-of-philosophy	71	Doctor of Philosophy
https://www.wheretoapply.xyz/universities/edith-cowan-university/programs/graduate-certificate-in-creative-arts-entrepreneurship-and-cultural-innovation	70	Graduate Certificate in Creative Arts Entrepreneurship and Cultural Innovation
https://www.wheretoapply.xyz/universities/edith-cowan-university/programs/graduate-certificate-in-environmental-assessment-and-management	69	Graduate Certificate in Environmental Assessment and Management
https://www.wheretoapply.xyz/universities/edith-cowan-university/programs/graduate-certificate-of-applied-digital-marketing	67	Graduate Certificate of Applied Digital Marketing
https://www.wheretoapply.xyz/universities/edith-cowan-university/programs/graduate-certificate-of-business	65	Graduate Certificate of Business
https://www.wheretoapply.xyz/universities/edith-cowan-university/programs/graduate-certificate-of-hospitality-management	60	Graduate Certificate of Hospitality Management
https://www.wheretoapply.xyz/universities/edith-cowan-university/programs/graduate-diploma-in-creative-arts-entrepreneurship-and-cultural-innovation	71	Graduate Diploma in Creative Arts Entrepreneurship and Cultural Innovation
https://www.wheretoapply.xyz/universities/edith-cowan-university/programs/graduate-diploma-in-early-childhood-teaching	72	Graduate Diploma in Early Childhood Teaching
https://www.wheretoapply.xyz/universities/edith-cowan-university/programs/graduate-diploma-in-environmental-science	67	Graduate Diploma in Environmental Science
https://www.wheretoapply.xyz/universities/edith-cowan-university/programs/graduate-diploma-in-teaching-secondary	66	Graduate Diploma in Teaching (Secondary)
https://www.wheretoapply.xyz/universities/edith-cowan-university/programs/graduate-diploma-of-medical-sonography	67	Graduate Diploma of Medical Sonography
https://www.wheretoapply.xyz/universities/edith-cowan-university/programs/graduate-diploma-of-public-health	69	Graduate Diploma of Public Health
https://www.wheretoapply.xyz/universities/edith-cowan-university/programs/master-of-arts-performing-arts	71	Master of Arts (Performing Arts)
https://www.wheretoapply.xyz/universities/edith-cowan-university/programs/master-of-aviation-management	73	Master of Aviation Management
https://www.wheretoapply.xyz/universities/edith-cowan-university/programs/master-of-business-administration-global	66	Master of Business Administration Global
https://www.wheretoapply.xyz/universities/edith-cowan-university/programs/master-of-business-analytics	66	Master of Business Analytics
https://www.wheretoapply.xyz/universities/edith-cowan-university/programs/master-of-business-by-research	63	Master of Business by Research
https://www.wheretoapply.xyz/universities/edith-cowan-university/programs/master-of-business-psychology	68	Master of Business Psychology
https://www.wheretoapply.xyz/universities/edith-cowan-university/programs/master-of-clinical-psychology	67	Master of Clinical Psychology
https://www.wheretoapply.xyz/universities/edith-cowan-university/programs/master-of-communication	63	Master of Communication
https://www.wheretoapply.xyz/universities/edith-cowan-university/programs/master-of-computing-and-security-by-research	75	Master of Computing and Security by Research
https://www.wheretoapply.xyz/universities/edith-cowan-university/programs/master-of-counselling	63	Master of Counselling
https://www.wheretoapply.xyz/universities/edith-cowan-university/programs/master-of-creative-arts-entrepreneurship-and-cultural-innovation	61	Master of Creative Arts Entrepreneurship and Cultural Innovation
https://www.wheretoapply.xyz/universities/edith-cowan-university/programs/master-of-cyber-security	70	Master of Cyber Security
https://www.wheretoapply.xyz/universities/edith-cowan-university/programs/master-of-data-science	65	Master of Data Science
https://www.wheretoapply.xyz/universities/edith-cowan-university/programs/master-of-engineering-science	62	Master of Engineering Science
https://www.wheretoapply.xyz/universities/edith-cowan-university/programs/master-of-environmental-science	73	Master of Environmental Science
https://www.wheretoapply.xyz/universities/edith-cowan-university/programs/master-of-environmental-studies	61	Master of Environmental Studies
https://www.wheretoapply.xyz/universities/edith-cowan-university/programs/master-of-finance	64	Master of Finance
https://www.wheretoapply.xyz/universities/edith-cowan-university/programs/master-of-horticultural-science	60	Master of Horticultural Science
https://www.wheretoapply.xyz/universities/edith-cowan-university/programs/master-of-human-resource-management	71	Master of Human Resource Management
https://www.wheretoapply.xyz/universities/edith-cowan-university/programs/master-of-international-hospitality-management	79	Master of International Hospitality Management
https://www.wheretoapply.xyz/universities/edith-cowan-university/programs/master-of-laws-research	61	Master of Laws (Research)
https://www.wheretoapply.xyz/universities/edith-cowan-university/programs/master-of-management-information-systems	62	Master of Management Information Systems
https://www.wheretoapply.xyz/universities/edith-cowan-university/programs/master-of-marketing-and-innovation-management	67	Master of Marketing and Innovation Management
https://www.wheretoapply.xyz/universities/edith-cowan-university/programs/master-of-medical-and-health-science-by-research	60	Master of Medical and Health Science by Research
https://www.wheretoapply.xyz/universities/edith-cowan-university/programs/master-of-midwifery-research	64	Master of Midwifery (Research)
https://www.wheretoapply.xyz/universities/edith-cowan-university/programs/master-of-news-and-entertainment-media	61	Master of News and Entertainment Media
https://www.wheretoapply.xyz/universities/edith-cowan-university/programs/master-of-nursing-graduate-entry	73	Master of Nursing (Graduate Entry)
https://www.wheretoapply.xyz/universities/edith-cowan-university/programs/master-of-nursing-studies	79	Master of Nursing Studies
https://www.wheretoapply.xyz/universities/edith-cowan-university/programs/master-of-nutrition-and-dietetics	64	Master of Nutrition and Dietetics
https://www.wheretoapply.xyz/universities/edith-cowan-university/programs/master-of-professional-accounting	63	Master of Professional Accounting
https://www.wheretoapply.xyz/universities/edith-cowan-university/programs/master-of-public-health	67	Master of Public Health
https://www.wheretoapply.xyz/universities/edith-cowan-university/programs/master-of-science-by-research	81	Master of Science by Research
https://www.wheretoapply.xyz/universities/edith-cowan-university/programs/master-of-screen-production	69	Master of Screen Production
https://www.wheretoapply.xyz/universities/edith-cowan-university/programs/master-of-supply-chain-and-logistics-management	62	Master of Supply Chain and Logistics Management
https://www.wheretoapply.xyz/universities/edith-cowan-university/programs/master-of-teaching-early-childhood	71	Master of Teaching (Early Childhood)
https://www.wheretoapply.xyz/universities/edith-cowan-university/programs/master-of-technology	60	Master of Technology
https://www.wheretoapply.xyz/universities/federation-university-australia/programs/bachelor-of-business	80	Bachelor of Business
https://www.wheretoapply.xyz/universities/federation-university-australia/programs/bachelor-of-community-and-human-services	73	Bachelor of Community and Human Services
https://www.wheretoapply.xyz/universities/federation-university-australia/programs/bachelor-of-education-primary	79	Bachelor of Education (Primary)
https://www.wheretoapply.xyz/universities/federation-university-australia/programs/bachelor-of-education-studies	84	Bachelor of Education Studies
https://www.wheretoapply.xyz/universities/federation-university-australia/programs/bachelor-of-health-honours	83	Bachelor of Health (Honours)
https://www.wheretoapply.xyz/universities/federation-university-australia/programs/bachelor-of-midwifery	82	Bachelor of Midwifery
https://www.wheretoapply.xyz/universities/federation-university-australia/programs/bachelor-of-occupational-therapy-honours	82	Bachelor of Occupational Therapy (Honours)
https://www.wheretoapply.xyz/universities/federation-university-australia/programs/bachelor-of-physiotherapy	77	Bachelor of Physiotherapy
https://www.wheretoapply.xyz/universities/federation-university-australia/programs/bachelor-of-psychological-science	73	Bachelor of Psychological Science
https://www.wheretoapply.xyz/universities/federation-university-australia/programs/bachelor-of-science-honours	74	Bachelor of Science (Honours)
https://www.wheretoapply.xyz/universities/federation-university-australia/programs/bachelor-of-social-work	75	Bachelor of Social Work
https://www.wheretoapply.xyz/universities/federation-university-australia/programs/bachelor-of-speech-pathology-honours	77	Bachelor of Speech Pathology (Honours)
https://www.wheretoapply.xyz/universities/federation-university-australia/programs/bachelor-of-sport-management	66	Bachelor of Sport Management
https://www.wheretoapply.xyz/universities/federation-university-australia/programs/bachelor-of-sport-physical-and-outdoor-education	77	Bachelor of Sport, Physical and Outdoor Education
https://www.wheretoapply.xyz/universities/federation-university-australia/programs/bachelor-of-visual-arts	68	Bachelor of Visual Arts
https://www.wheretoapply.xyz/universities/federation-university-australia/programs/diploma-of-business-and-sports-management-higher-education	80	Diploma of Business and Sports Management (Higher Education)
https://www.wheretoapply.xyz/universities/federation-university-australia/programs/diploma-of-health-higher-education	81	Diploma of Health (Higher Education)
https://www.wheretoapply.xyz/universities/federation-university-australia/programs/graduate-certificate-in-community-energy-and-micro-grid	71	Graduate Certificate in Community Energy and Micro-Grid
https://www.wheretoapply.xyz/universities/federation-university-australia/programs/graduate-certificate-in-research	80	Graduate Certificate in Research
https://www.wheretoapply.xyz/universities/federation-university-australia/programs/graduate-certificate-in-social-and-community-services	77	Graduate Certificate in Social and Community Services
https://www.wheretoapply.xyz/universities/federation-university-australia/programs/graduate-diploma-of-mining	82	Graduate Diploma of Mining
https://www.wheretoapply.xyz/universities/federation-university-australia/programs/master-of-applied-cyber-security	84	Master of Applied Cyber Security
https://www.wheretoapply.xyz/universities/federation-university-australia/programs/master-of-data-science	74	Master of Data Science
https://www.wheretoapply.xyz/universities/federation-university-australia/programs/master-of-health-research-practice	74	Master of Health (Research Practice)
https://www.wheretoapply.xyz/universities/federation-university-australia/programs/master-of-philosophy	84	Master of Philosophy
https://www.wheretoapply.xyz/universities/federation-university-australia/programs/master-of-professional-psychology	73	Master of Professional Psychology
https://www.wheretoapply.xyz/universities/federation-university-australia/programs/master-of-psychology-clinical	76	Master of Psychology (Clinical)
https://www.wheretoapply.xyz/universities/federation-university-australia/programs/master-of-social-work-qualifying	81	Master of Social Work (Qualifying)
https://www.wheretoapply.xyz/universities/federation-university-australia/programs/master-of-teaching-early-childhood	74	Master of Teaching (Early Childhood)
https://www.wheretoapply.xyz/universities/flinders-university/programs/associate-degree-in-medical-science-laboratory-medicine	59	Associate Degree in Medical Science (Laboratory Medicine)
https://www.wheretoapply.xyz/universities/flinders-university/programs/bachelor-of-clinical-sciences	77	Bachelor of Clinical Sciences
https://www.wheretoapply.xyz/universities/flinders-university/programs/bachelor-of-engineering-technology-advanced-manufacturing-and-digital-design	68	Bachelor of Engineering Technology (Advanced Manufacturing and Digital Design)
https://www.wheretoapply.xyz/universities/flinders-university/programs/bachelor-of-medical-science-honours-4-years	62	Bachelor of Medical Science (Honours) - 4 years
https://www.wheretoapply.xyz/universities/flinders-university/programs/bachelor-of-midwifery	76	Bachelor of Midwifery
https://www.wheretoapply.xyz/universities/flinders-university/programs/bachelor-of-occupational-therapy-3-5-years	79	Bachelor of Occupational Therapy 3.5 Years
https://www.wheretoapply.xyz/universities/flinders-university/programs/bachelor-of-performance	75	Bachelor of Performance
https://www.wheretoapply.xyz/universities/flinders-university/programs/bachelor-of-physiotherapy-honours	83	Bachelor of Physiotherapy (Honours)
https://www.wheretoapply.xyz/universities/flinders-university/programs/bachelor-of-psychological-studies-graduate-entry	77	Bachelor of Psychological Studies (Graduate Entry)
https://www.wheretoapply.xyz/universities/flinders-university/programs/diploma-in-business	58	Diploma in Business
https://www.wheretoapply.xyz/universities/flinders-university/programs/diploma-in-engineering	71	Diploma in Engineering
https://www.wheretoapply.xyz/universities/flinders-university/programs/diploma-in-health	72	Diploma in Health
https://www.wheretoapply.xyz/universities/flinders-university/programs/diploma-in-information-technology	65	Diploma in Information Technology
https://www.wheretoapply.xyz/universities/flinders-university/programs/doctor-of-philosophy-mathematics-statistics	82	Doctor of Philosophy (Mathematics/Statistics)
https://www.wheretoapply.xyz/universities/flinders-university/programs/foundation-studies-program-standard	72	Foundation Studies Program (Standard)
https://www.wheretoapply.xyz/universities/flinders-university/programs/graduate-certificate-in-disability-policy-and-leadership	82	Graduate Certificate in Disability Policy and Leadership
https://www.wheretoapply.xyz/universities/flinders-university/programs/graduate-certificate-in-disability-practice	76	Graduate Certificate in Disability Practice
https://www.wheretoapply.xyz/universities/flinders-university/programs/graduate-certificate-in-public-health	71	Graduate Certificate in Public Health
https://www.wheretoapply.xyz/universities/flinders-university/programs/graduate-certificate-in-science-groundwater-hydrology	80	Graduate Certificate in Science (Groundwater Hydrology)
https://www.wheretoapply.xyz/universities/flinders-university/programs/graduate-certificate-in-teaching-english-to-speakers-of-other-languages-tesol	84	Graduate Certificate in Teaching English to Speakers of Other Languages (TESOL)
https://www.wheretoapply.xyz/universities/flinders-university/programs/graduate-certificate-in-virtual-production	83	Graduate Certificate in Virtual Production
https://www.wheretoapply.xyz/universities/flinders-university/programs/graduate-diploma-in-computer-science	81	Graduate Diploma in Computer Science
https://www.wheretoapply.xyz/universities/flinders-university/programs/graduate-diploma-in-engineering-science	73	Graduate Diploma in Engineering Science
https://www.wheretoapply.xyz/universities/flinders-university/programs/graduate-diploma-in-human-nutrition-exit-only	60	Graduate Diploma in Human Nutrition - Exit Only
https://www.wheretoapply.xyz/universities/flinders-university/programs/graduate-diploma-in-media-and-communication	73	Graduate Diploma in Media and Communication
https://www.wheretoapply.xyz/universities/flinders-university/programs/graduate-diploma-in-science-groundwater-hydrology	77	Graduate Diploma in Science (Groundwater Hydrology)
https://www.wheretoapply.xyz/universities/flinders-university/programs/graduate-diploma-in-teaching-english-to-speakers-of-other-languages-tesol	84	Graduate Diploma in Teaching English to Speakers of Other Languages (TESOL)
https://www.wheretoapply.xyz/universities/flinders-university/programs/graduate-diploma-in-virtual-production	75	Graduate Diploma in Virtual Production
https://www.wheretoapply.xyz/universities/flinders-university/programs/master-of-accounting-and-marketing	83	Master of Accounting and Marketing
https://www.wheretoapply.xyz/universities/flinders-university/programs/master-of-business-research	41	Master of Business (Research)
https://www.wheretoapply.xyz/universities/flinders-university/programs/master-of-disability-practice-and-leadership-1-5-years	75	Master of Disability Practice and Leadership [1.5 years]
https://www.wheretoapply.xyz/universities/flinders-university/programs/master-of-disability-practice-and-leadership-2-years	75	Master of Disability Practice and Leadership [2 years]
https://www.wheretoapply.xyz/universities/flinders-university/programs/master-of-engineering-science-specialisations	73	Master of Engineering Science (Specialisations)
https://www.wheretoapply.xyz/universities/flinders-university/programs/master-of-health-and-clinical-research	84	Master of Health and Clinical Research
https://www.wheretoapply.xyz/universities/flinders-university/programs/master-of-health-management-and-leadership-1-5-years	81	Master of Health Management and Leadership 1.5 years
https://www.wheretoapply.xyz/universities/flinders-university/programs/master-of-health-management-and-leadership-2-years	79	Master of Health Management and Leadership 2 years
https://www.wheretoapply.xyz/universities/flinders-university/programs/master-of-human-nutrition	61	Master of Human Nutrition
https://www.wheretoapply.xyz/universities/flinders-university/programs/master-of-laws-research	82	Master of Laws (Research)
https://www.wheretoapply.xyz/universities/flinders-university/programs/master-of-psychology-clinical	83	Master of Psychology (Clinical)
https://www.wheretoapply.xyz/universities/flinders-university/programs/master-of-science-groundwater-hydrology	78	Master of Science (Groundwater Hydrology)
https://www.wheretoapply.xyz/universities/flinders-university/programs/master-of-surgery-research	36	Master of Surgery (Research)
https://www.wheretoapply.xyz/universities/flinders-university/programs/master-of-teaching-english-to-speakers-of-other-languages-tesol	84	Master of Teaching English to Speakers of Other Languages (TESOL)
https://www.wheretoapply.xyz/universities/flinders-university/programs/master-of-virtual-production	75	Master of Virtual Production
https://www.wheretoapply.xyz/universities/flinders-university/programs/master-of-virtual-production-1-year	79	Master of Virtual Production [1 year]
https://www.wheretoapply.xyz/universities/griffith-university/programs/bachelor-of-advanced-business-honours	72	Bachelor of Advanced Business (Honours)
https://www.wheretoapply.xyz/universities/griffith-university/programs/bachelor-of-advanced-commerce-honours	61	Bachelor of Advanced Commerce (Honours)
https://www.wheretoapply.xyz/universities/griffith-university/programs/bachelor-of-construction-management-honours	77	Bachelor of Construction Management (Honours)
https://www.wheretoapply.xyz/universities/griffith-university/programs/bachelor-of-film-and-screen-media-production	77	Bachelor of Film and Screen Media Production
https://www.wheretoapply.xyz/universities/griffith-university/programs/bachelor-of-pharmacy-honours	73	Bachelor of Pharmacy (Honours)
https://www.wheretoapply.xyz/universities/griffith-university/programs/bachelor-of-science	65	Bachelor of Science
https://www.wheretoapply.xyz/universities/griffith-university/programs/bachelor-of-urban-and-environmental-planning	73	Bachelor of Urban and Environmental Planning
https://www.wheretoapply.xyz/universities/griffith-university/programs/bachelor-of-urban-planning-honours	72	Bachelor of Urban Planning (Honours)
https://www.wheretoapply.xyz/universities/griffith-university/programs/graduate-certificate-in-clinical-leadership	81	Graduate Certificate in Clinical Leadership
https://www.wheretoapply.xyz/universities/griffith-university/programs/graduate-certificate-in-visual-arts	64	Graduate Certificate in Visual Arts
https://www.wheretoapply.xyz/universities/griffith-university/programs/graduate-diploma-of-research-studies-in-engineering	67	Graduate Diploma of Research Studies in Engineering
https://www.wheretoapply.xyz/universities/griffith-university/programs/master-of-engineering-project-management-advanced	78	Master of Engineering Project Management Advanced
https://www.wheretoapply.xyz/universities/griffith-university/programs/master-of-professional-engineering	64	Master of Professional Engineering
https://www.wheretoapply.xyz/universities/james-cook-university/programs/bachelor-of-biomedical-sciences-honours-end-on	76	Bachelor of Biomedical Sciences (Honours) [End-on]
https://www.wheretoapply.xyz/universities/james-cook-university/programs/bachelor-of-medical-science-honours-end-on	81	Bachelor of Medical Science (Honours) [End-on]
https://www.wheretoapply.xyz/universities/james-cook-university/programs/bachelor-of-nursing-science	69	Bachelor of Nursing Science
https://www.wheretoapply.xyz/universities/james-cook-university/programs/bachelor-of-sport-and-exercise-science-honours-end-on	81	Bachelor of Sport and Exercise Science (Honours) [End-on]
https://www.wheretoapply.xyz/universities/james-cook-university/programs/doctor-of-education	76	Doctor of Education
https://www.wheretoapply.xyz/universities/james-cook-university/programs/doctor-of-philosophy-education	73	Doctor of Philosophy (Education)
https://www.wheretoapply.xyz/universities/james-cook-university/programs/graduate-diploma-of-clinical-physiology	74	Graduate Diploma of Clinical Physiology
https://www.wheretoapply.xyz/universities/james-cook-university/programs/graduate-diploma-of-tropical-medicine-and-hygiene	80	Graduate Diploma of Tropical Medicine and Hygiene
https://www.wheretoapply.xyz/universities/james-cook-university/programs/juris-doctor	40	Juris Doctor
https://www.wheretoapply.xyz/universities/james-cook-university/programs/master-of-engineering-professional	46	Master of Engineering (Professional)
https://www.wheretoapply.xyz/universities/james-cook-university/programs/master-of-global-development	65	Master of Global Development
https://www.wheretoapply.xyz/universities/james-cook-university/programs/master-of-professional-accounting	33	Master of Professional Accounting
https://www.wheretoapply.xyz/universities/james-cook-university/programs/master-of-professional-psychology	47	Master of Professional Psychology
https://www.wheretoapply.xyz/universities/james-cook-university/programs/master-of-public-health	68	Master of Public Health
https://www.wheretoapply.xyz/universities/james-cook-university/programs/master-of-public-health-and-tropical-medicine	55	Master of Public Health and Tropical Medicine
https://www.wheretoapply.xyz/universities/james-cook-university/programs/master-of-science	58	Master of Science
https://www.wheretoapply.xyz/universities/james-cook-university/programs/master-of-social-work-professional-qualifying	52	Master of Social Work (Professional Qualifying)
https://www.wheretoapply.xyz/universities/james-cook-university/programs/master-of-teaching-and-learning-secondary	45	Master of Teaching and Learning (Secondary)
https://www.wheretoapply.xyz/universities/la-trobe-university/programs/doctor-of-education	80	Doctor of Education
https://www.wheretoapply.xyz/universities/la-trobe-university/programs/doctor-of-public-health	75	Doctor of Public Health
https://www.wheretoapply.xyz/universities/la-trobe-university/programs/graduate-certificate-in-data-science-fundamentals	79	Graduate Certificate in Data Science Fundamentals
https://www.wheretoapply.xyz/universities/la-trobe-university/programs/graduate-certificate-in-public-health	82	Graduate Certificate in Public Health
https://www.wheretoapply.xyz/universities/la-trobe-university/programs/graduate-diploma-in-artificial-intelligence	84	Graduate Diploma in Artificial Intelligence
https://www.wheretoapply.xyz/universities/la-trobe-university/programs/graduate-diploma-in-business-administration	81	Graduate Diploma in Business Administration
https://www.wheretoapply.xyz/universities/la-trobe-university/programs/graduate-diploma-in-cybersecurity	67	Graduate Diploma in Cybersecurity
https://www.wheretoapply.xyz/universities/la-trobe-university/programs/graduate-diploma-of-data-science	74	Graduate Diploma of Data Science
https://www.wheretoapply.xyz/universities/la-trobe-university/programs/master-of-business-by-research	64	Master of Business (by Research)
https://www.wheretoapply.xyz/universities/la-trobe-university/programs/master-of-counselling-rehabilitation-and-mental-health	76	Master of Counselling, Rehabilitation and Mental Health
https://www.wheretoapply.xyz/universities/la-trobe-university/programs/master-of-laws-by-research	51	Master of Laws (By Research)
https://www.wheretoapply.xyz/universities/la-trobe-university/programs/master-of-psychological-science	64	Master of Psychological Science
https://www.wheretoapply.xyz/universities/la-trobe-university/programs/master-of-public-health	79	Master of Public Health
https://www.wheretoapply.xyz/universities/la-trobe-university/programs/master-of-science	70	Master of Science
https://www.wheretoapply.xyz/universities/la-trobe-university/programs/master-of-social-work-research	70	Master of Social Work (Research)
https://www.wheretoapply.xyz/universities/macquarie-university/programs/bachelor-of-applied-finance	62	Bachelor of Applied Finance
https://www.wheretoapply.xyz/universities/macquarie-university/programs/bachelor-of-business-administration	81	Bachelor of Business Administration
https://www.wheretoapply.xyz/universities/macquarie-university/programs/bachelor-of-business-analytics	60	Bachelor of Business Analytics
https://www.wheretoapply.xyz/universities/macquarie-university/programs/bachelor-of-e-business	80	Bachelor of e-Business
https://www.wheretoapply.xyz/universities/macquarie-university/programs/bachelor-of-economics	78	Bachelor of Economics
https://www.wheretoapply.xyz/universities/macquarie-university/programs/bachelor-of-marketing-and-media	71	Bachelor of Marketing and Media
https://www.wheretoapply.xyz/universities/macquarie-university/programs/bachelor-of-media-and-communications	83	Bachelor of Media and Communications
https://www.wheretoapply.xyz/universities/macquarie-university/programs/bachelor-of-professional-accounting	83	Bachelor of Professional Accounting
https://www.wheretoapply.xyz/universities/macquarie-university/programs/diploma-of-arts-media-and-communications	64	Diploma of Arts Media and Communications
https://www.wheretoapply.xyz/universities/macquarie-university/programs/diploma-of-business-analytics	62	Diploma of Business Analytics
https://www.wheretoapply.xyz/universities/macquarie-university/programs/diploma-of-engineering	60	Diploma of Engineering
https://www.wheretoapply.xyz/universities/macquarie-university/programs/diploma-of-information-technology	64	Diploma of Information Technology
https://www.wheretoapply.xyz/universities/macquarie-university/programs/graduate-certificate-of-accounting-practice	67	Graduate Certificate of Accounting Practice
https://www.wheretoapply.xyz/universities/macquarie-university/programs/graduate-certificate-of-finance	67	Graduate Certificate of Finance
https://www.wheretoapply.xyz/universities/macquarie-university/programs/graduate-certificate-of-research-in-medicine-health-and-human-sciences	61	Graduate Certificate of Research in Medicine, Health and Human Sciences
https://www.wheretoapply.xyz/universities/macquarie-university/programs/graduate-certificate-of-tesol	77	Graduate Certificate of TESOL
https://www.wheretoapply.xyz/universities/macquarie-university/programs/graduate-diploma-of-accounting-practice	62	Graduate Diploma of Accounting Practice
https://www.wheretoapply.xyz/universities/macquarie-university/programs/graduate-diploma-of-biotechnology	67	Graduate Diploma of Biotechnology
https://www.wheretoapply.xyz/universities/macquarie-university/programs/master-of-business-analytics	71	Master of Business Analytics
https://www.wheretoapply.xyz/universities/macquarie-university/programs/master-of-commerce	69	Master of Commerce
https://www.wheretoapply.xyz/universities/macquarie-university/programs/master-of-creative-industries	71	Master of Creative Industries
https://www.wheretoapply.xyz/universities/macquarie-university/programs/master-of-cyber-security	81	Master of Cyber Security
https://www.wheretoapply.xyz/universities/macquarie-university/programs/master-of-education	69	Master of Education
https://www.wheretoapply.xyz/universities/macquarie-university/programs/master-of-engineering-management	69	Master of Engineering Management
https://www.wheretoapply.xyz/universities/macquarie-university/programs/master-of-international-relations	73	Master of International Relations
https://www.wheretoapply.xyz/universities/macquarie-university/programs/master-of-marketing	78	Master of Marketing
https://www.wheretoapply.xyz/universities/macquarie-university/programs/master-of-media-and-communications	75	Master of Media and Communications
https://www.wheretoapply.xyz/universities/macquarie-university/programs/master-of-research-in-arts	77	Master of Research in Arts
https://www.wheretoapply.xyz/universities/melbourne-institute-of-technology/programs/graduate-diploma-of-networking	83	Graduate Diploma of Networking
https://www.wheretoapply.xyz/universities/melbourne-polytechnic/programs/associate-degree-of-veterinary-nursing	63	Associate Degree of Veterinary Nursing
https://www.wheretoapply.xyz/universities/melbourne-polytechnic/programs/bachelor-of-agriculture-and-technology-agronomy	64	Bachelor of Agriculture and Technology (Agronomy)
https://www.wheretoapply.xyz/universities/melbourne-polytechnic/programs/bachelor-of-agriculture-and-technology-viticulture-and-winemaking	79	Bachelor of Agriculture and Technology (Viticulture and Winemaking)
https://www.wheretoapply.xyz/universities/murdoch-university/programs/diploma-of-business	74	Diploma of Business
https://www.wheretoapply.xyz/universities/murdoch-university/programs/diploma-of-information-technology	62	Diploma of Information Technology
https://www.wheretoapply.xyz/universities/murdoch-university/programs/diploma-of-sport-and-business	79	Diploma of Sport and Business
https://www.wheretoapply.xyz/universities/murdoch-university/programs/graduate-certificate-in-asian-language	75	Graduate Certificate in Asian Language
https://www.wheretoapply.xyz/universities/murdoch-university/programs/graduate-certificate-in-food-science	65	Graduate Certificate in Food Science
https://www.wheretoapply.xyz/universities/murdoch-university/programs/graduate-certificate-in-infectious-disease	79	Graduate Certificate in Infectious Disease
https://www.wheretoapply.xyz/universities/murdoch-university/programs/graduate-certificate-in-project-management	77	Graduate Certificate in Project Management
https://www.wheretoapply.xyz/universities/murdoch-university/programs/graduate-certificate-in-research-application	71	Graduate Certificate in Research Application
https://www.wheretoapply.xyz/universities/murdoch-university/programs/graduate-certificate-in-systems-medicine	51	Graduate Certificate in Systems Medicine
https://www.wheretoapply.xyz/universities/murdoch-university/programs/graduate-diploma-in-business-administration	67	Graduate Diploma in Business Administration
https://www.wheretoapply.xyz/universities/murdoch-university/programs/graduate-diploma-in-community-development	83	Graduate Diploma in Community Development
https://www.wheretoapply.xyz/universities/murdoch-university/programs/graduate-diploma-in-food-science	66	Graduate Diploma in Food Science
https://www.wheretoapply.xyz/universities/murdoch-university/programs/graduate-diploma-in-food-security	74	Graduate Diploma in Food Security
https://www.wheretoapply.xyz/universities/murdoch-university/programs/graduate-diploma-in-gerontological-healthcare	78	Graduate Diploma in Gerontological Healthcare
https://www.wheretoapply.xyz/universities/murdoch-university/programs/graduate-diploma-in-infectious-disease	58	Graduate Diploma in Infectious Disease
https://www.wheretoapply.xyz/universities/murdoch-university/programs/master-of-community-development	82	Master of Community Development
https://www.wheretoapply.xyz/universities/murdoch-university/programs/master-of-food-science-industry-practice	76	Master of Food Science (Industry Practice)
https://www.wheretoapply.xyz/universities/murdoch-university/programs/master-of-systems-medicine-research	63	Master of Systems Medicine (Research)
https://www.wheretoapply.xyz/universities/queensland-university-of-technology/programs/bachelor-of-architectural-design	77	Bachelor of Architectural Design
https://www.wheretoapply.xyz/universities/queensland-university-of-technology/programs/bachelor-of-biomedical-science	62	Bachelor of Biomedical Science
https://www.wheretoapply.xyz/universities/queensland-university-of-technology/programs/bachelor-of-business-international	59	Bachelor of Business - International
https://www.wheretoapply.xyz/universities/queensland-university-of-technology/programs/bachelor-of-clinical-exercise-physiology	84	Bachelor of Clinical Exercise Physiology
https://www.wheretoapply.xyz/universities/queensland-university-of-technology/programs/bachelor-of-creative-arts-acting	59	Bachelor of Creative Arts (Acting)
https://www.wheretoapply.xyz/universities/queensland-university-of-technology/programs/bachelor-of-early-childhood-education-birth-to-five	66	Bachelor of Early Childhood Education (Birth to Five)
https://www.wheretoapply.xyz/universities/queensland-university-of-technology/programs/bachelor-of-human-services	60	Bachelor of Human Services
https://www.wheretoapply.xyz/universities/queensland-university-of-technology/programs/bachelor-of-medical-imaging-honours	60	Bachelor of Medical Imaging (Honours)
https://www.wheretoapply.xyz/universities/queensland-university-of-technology/programs/bachelor-of-medical-laboratory-science	59	Bachelor of Medical Laboratory Science
https://www.wheretoapply.xyz/universities/queensland-university-of-technology/programs/bachelor-of-nutrition-science	73	Bachelor of Nutrition Science
https://www.wheretoapply.xyz/universities/queensland-university-of-technology/programs/bachelor-of-paramedic-science	65	Bachelor of Paramedic Science
https://www.wheretoapply.xyz/universities/queensland-university-of-technology/programs/bachelor-of-pharmacy-honours	65	Bachelor of Pharmacy (Honours)
https://www.wheretoapply.xyz/universities/queensland-university-of-technology/programs/bachelor-of-podiatry	66	Bachelor of Podiatry
https://www.wheretoapply.xyz/universities/queensland-university-of-technology/programs/bachelor-of-property-economics	63	Bachelor of Property Economics
https://www.wheretoapply.xyz/universities/queensland-university-of-technology/programs/bachelor-of-sport-and-exercise-science	70	Bachelor of Sport and Exercise Science
https://www.wheretoapply.xyz/universities/queensland-university-of-technology/programs/bachelor-of-vision-science	68	Bachelor of Vision Science
https://www.wheretoapply.xyz/universities/queensland-university-of-technology/programs/diploma-in-architectural-studies	49	Diploma in Architectural Studies
https://www.wheretoapply.xyz/universities/queensland-university-of-technology/programs/diploma-in-engineering	61	Diploma in Engineering
https://www.wheretoapply.xyz/universities/queensland-university-of-technology/programs/diploma-in-information-technology	67	Diploma in Information Technology
https://www.wheretoapply.xyz/universities/queensland-university-of-technology/programs/graduate-certificate-in-business-process-management	51	Graduate Certificate in Business Process Management
https://www.wheretoapply.xyz/universities/queensland-university-of-technology/programs/graduate-certificate-in-data-science	40	Graduate Certificate in Data Science
https://www.wheretoapply.xyz/universities/queensland-university-of-technology/programs/graduate-certificate-in-digital-business-and-innovation	28	Graduate Certificate in Digital Business and Innovation
https://www.wheretoapply.xyz/universities/queensland-university-of-technology/programs/graduate-certificate-in-digital-communication	46	Graduate Certificate in Digital Communication
https://www.wheretoapply.xyz/universities/queensland-university-of-technology/programs/graduate-certificate-in-information-technology	40	Graduate Certificate in Information Technology
https://www.wheretoapply.xyz/universities/queensland-university-of-technology/programs/graduate-certificate-in-project-management	40	Graduate Certificate in Project Management
https://www.wheretoapply.xyz/universities/queensland-university-of-technology/programs/graduate-certificate-in-strategic-design	43	Graduate Certificate in Strategic Design
https://www.wheretoapply.xyz/universities/queensland-university-of-technology/programs/graduate-diploma-in-digital-communication	70	Graduate Diploma in Digital Communication
https://www.wheretoapply.xyz/universities/queensland-university-of-technology/programs/graduate-diploma-in-environmental-health	40	Graduate Diploma in Environmental Health
https://www.wheretoapply.xyz/universities/queensland-university-of-technology/programs/graduate-diploma-in-health-management-and-leadership	59	Graduate Diploma in Health Management and Leadership
https://www.wheretoapply.xyz/universities/queensland-university-of-technology/programs/graduate-diploma-in-information-technology	72	Graduate Diploma in Information Technology
https://www.wheretoapply.xyz/universities/queensland-university-of-technology/programs/graduate-diploma-in-legal-practice	39	Graduate Diploma in Legal Practice
https://www.wheretoapply.xyz/universities/queensland-university-of-technology/programs/graduate-diploma-in-occupational-health-and-safety	63	Graduate Diploma in Occupational Health and Safety
https://www.wheretoapply.xyz/universities/queensland-university-of-technology/programs/graduate-diploma-in-public-health	40	Graduate Diploma in Public Health
https://www.wheretoapply.xyz/universities/queensland-university-of-technology/programs/graduate-diploma-in-strategic-design	69	Graduate Diploma in Strategic Design
https://www.wheretoapply.xyz/universities/queensland-university-of-technology/programs/master-of-advanced-manufacturing	61	Master of Advanced Manufacturing
https://www.wheretoapply.xyz/universities/queensland-university-of-technology/programs/master-of-advanced-manufacturing-with-data-analytics	64	Master of Advanced Manufacturing with Data Analytics
https://www.wheretoapply.xyz/universities/queensland-university-of-technology/programs/master-of-advanced-manufacturing-with-project-management	60	Master of Advanced Manufacturing with Project Management
https://www.wheretoapply.xyz/universities/queensland-university-of-technology/programs/master-of-advanced-robotics-and-artificial-intelligence	69	Master of Advanced Robotics and Artificial Intelligence
https://www.wheretoapply.xyz/universities/queensland-university-of-technology/programs/master-of-architecture	73	Master of Architecture
https://www.wheretoapply.xyz/universities/queensland-university-of-technology/programs/master-of-biomedical-systems-and-technology	64	Master of Biomedical Systems and Technology
https://www.wheretoapply.xyz/universities/queensland-university-of-technology/programs/master-of-clinical-psychology	64	Master of Clinical Psychology
https://www.wheretoapply.xyz/universities/queensland-university-of-technology/programs/master-of-design-strategic-design	64	Master of Design (Strategic Design)
https://www.wheretoapply.xyz/universities/queensland-university-of-technology/programs/master-of-digital-communication	60	Master of Digital Communication
https://www.wheretoapply.xyz/universities/queensland-university-of-technology/programs/master-of-engineering-technology	37	Master of Engineering Technology
https://www.wheretoapply.xyz/universities/queensland-university-of-technology/programs/master-of-health-management-and-leadership	59	Master of Health Management and Leadership
https://www.wheretoapply.xyz/universities/queensland-university-of-technology/programs/master-of-health-safety-and-environment	65	Master of Health, Safety and Environment
https://www.wheretoapply.xyz/universities/queensland-university-of-technology/programs/master-of-nutrition-and-dietetics	61	Master of Nutrition and Dietetics
https://www.wheretoapply.xyz/universities/queensland-university-of-technology/programs/master-of-optometry	69	Master of Optometry
https://www.wheretoapply.xyz/universities/queensland-university-of-technology/programs/master-of-project-management	79	Master of Project Management
https://www.wheretoapply.xyz/universities/queensland-university-of-technology/programs/master-of-psychology-educational-and-developmental	58	Master of Psychology (Educational and Developmental)
https://www.wheretoapply.xyz/universities/queensland-university-of-technology/programs/master-of-renewable-energy	60	Master of Renewable Energy
https://www.wheretoapply.xyz/universities/queensland-university-of-technology/programs/master-of-renewable-energy-with-data-analytics	66	Master of Renewable Energy with Data Analytics
https://www.wheretoapply.xyz/universities/queensland-university-of-technology/programs/master-of-renewable-energy-with-project-management	64	Master of Renewable Energy with Project Management
https://www.wheretoapply.xyz/universities/queensland-university-of-technology/programs/master-of-robotics-and-artificial-intelligence	66	Master of Robotics and Artificial Intelligence
https://www.wheretoapply.xyz/universities/queensland-university-of-technology/programs/master-of-social-work-qualifying	71	Master of Social Work Qualifying
https://www.wheretoapply.xyz/universities/queensland-university-of-technology/programs/master-of-sustainable-infrastructure	60	Master of Sustainable Infrastructure
https://www.wheretoapply.xyz/universities/queensland-university-of-technology/programs/master-of-sustainable-infrastructure-with-data-analytics	60	Master of Sustainable Infrastructure with Data Analytics
https://www.wheretoapply.xyz/universities/queensland-university-of-technology/programs/master-of-sustainable-infrastructure-with-project-management	57	Master of Sustainable Infrastructure with Project Management
https://www.wheretoapply.xyz/universities/queensland-university-of-technology/programs/master-of-teaching-early-childhood	66	Master of Teaching (Early Childhood)
https://www.wheretoapply.xyz/universities/queensland-university-of-technology/programs/standard-foundation	0	Standard Foundation
https://www.wheretoapply.xyz/universities/rmit-university/programs/advanced-diploma-of-building-design-architectural	81	Advanced Diploma of Building Design (Architectural)
https://www.wheretoapply.xyz/universities/rmit-university/programs/associate-degree-in-aviation-professional-pilots	74	Associate Degree in Aviation (Professional Pilots)
https://www.wheretoapply.xyz/universities/rmit-university/programs/associate-degree-in-screen-and-media-production	79	Associate Degree in Screen and Media Production
https://www.wheretoapply.xyz/universities/rmit-university/programs/bachelor-of-accounting	67	Bachelor of Accounting
https://www.wheretoapply.xyz/universities/rmit-university/programs/bachelor-of-biomedical-science	76	Bachelor of Biomedical Science
https://www.wheretoapply.xyz/universities/rmit-university/programs/bachelor-of-commerce	68	Bachelor of Commerce
https://www.wheretoapply.xyz/universities/rmit-university/programs/bachelor-of-computer-science	66	Bachelor of Computer Science
https://www.wheretoapply.xyz/universities/rmit-university/programs/bachelor-of-creative-writing	68	Bachelor of Creative Writing
https://www.wheretoapply.xyz/universities/rmit-university/programs/bachelor-of-criminology-and-psychology	71	Bachelor of Criminology and Psychology
https://www.wheretoapply.xyz/universities/rmit-university/programs/bachelor-of-cyber-security-professional	67	Bachelor of Cyber Security (Professional)
https://www.wheretoapply.xyz/universities/rmit-university/programs/bachelor-of-data-science	69	Bachelor of Data Science
https://www.wheretoapply.xyz/universities/rmit-university/programs/bachelor-of-digital-design	73	Bachelor of Digital Design
https://www.wheretoapply.xyz/universities/rmit-university/programs/bachelor-of-education-primary-and-early-childhood-education	62	Bachelor of Education (Primary and Early Childhood Education)
https://www.wheretoapply.xyz/universities/rmit-university/programs/bachelor-of-environmental-science	75	Bachelor of Environmental Science
https://www.wheretoapply.xyz/universities/rmit-university/programs/bachelor-of-fashion-enterprise	72	Bachelor of Fashion Enterprise
https://www.wheretoapply.xyz/universities/rmit-university/programs/bachelor-of-fashion-sustainability	73	Bachelor of Fashion Sustainability
https://www.wheretoapply.xyz/universities/rmit-university/programs/bachelor-of-fine-arts	72	Bachelor of Fine Arts
https://www.wheretoapply.xyz/universities/rmit-university/programs/bachelor-of-food-technology-and-nutrition	81	Bachelor of Food Technology and Nutrition
https://www.wheretoapply.xyz/universities/rmit-university/programs/bachelor-of-games	75	Bachelor of Games
https://www.wheretoapply.xyz/universities/rmit-university/programs/bachelor-of-graphic-design	71	Bachelor of Graphic Design
https://www.wheretoapply.xyz/universities/rmit-university/programs/bachelor-of-health-and-biomedical-sciences-honours	80	Bachelor of Health and Biomedical Sciences (Honours)
https://www.wheretoapply.xyz/universities/rmit-university/programs/bachelor-of-international-studies	70	Bachelor of International Studies
https://www.wheretoapply.xyz/universities/rmit-university/programs/bachelor-of-journalism	64	Bachelor of Journalism
https://www.wheretoapply.xyz/universities/rmit-university/programs/bachelor-of-landscape-architectural-design	73	Bachelor of Landscape Architectural Design
https://www.wheretoapply.xyz/universities/rmit-university/programs/bachelor-of-media	72	Bachelor of Media
https://www.wheretoapply.xyz/universities/rmit-university/programs/bachelor-of-medical-radiation-radiation-therapy	67	Bachelor of Medical Radiation (Radiation Therapy)
https://www.wheretoapply.xyz/universities/rmit-university/programs/bachelor-of-music-industry	67	Bachelor of Music Industry
https://www.wheretoapply.xyz/universities/rmit-university/programs/bachelor-of-pharmaceutical-sciences-honours	73	Bachelor of Pharmaceutical Sciences (Honours)
https://www.wheretoapply.xyz/universities/rmit-university/programs/bachelor-of-pharmacy-honours	79	Bachelor of Pharmacy (Honours)
https://www.wheretoapply.xyz/universities/rmit-university/programs/bachelor-of-photography	67	Bachelor of Photography
https://www.wheretoapply.xyz/universities/rmit-university/programs/bachelor-of-professional-communication	66	Bachelor of Professional Communication
https://www.wheretoapply.xyz/universities/rmit-university/programs/bachelor-of-psychology	66	Bachelor of Psychology
https://www.wheretoapply.xyz/universities/rmit-university/programs/bachelor-of-science-dean-s-scholar-food-science-honours	78	Bachelor of Science (Dean's Scholar, Food Science) (Honours)
https://www.wheretoapply.xyz/universities/rmit-university/programs/bachelor-of-social-science-psychology	75	Bachelor of Social Science (Psychology)
https://www.wheretoapply.xyz/universities/rmit-university/programs/bachelor-of-space-science	76	Bachelor of Space Science
https://www.wheretoapply.xyz/universities/rmit-university/programs/bachelor-of-sustainability-and-environment	75	Bachelor of Sustainability and Environment
https://www.wheretoapply.xyz/universities/rmit-university/programs/diploma-of-accounting	82	Diploma of Accounting
https://www.wheretoapply.xyz/universities/rmit-university/programs/diploma-of-building-and-construction-building	82	Diploma of Building and Construction (Building)
https://www.wheretoapply.xyz/universities/rmit-university/programs/diploma-of-business	80	Diploma of Business
https://www.wheretoapply.xyz/universities/rmit-university/programs/diploma-of-commerce	77	Diploma of Commerce
https://www.wheretoapply.xyz/universities/rmit-university/programs/diploma-of-fashion-styling	84	Diploma of Fashion Styling
https://www.wheretoapply.xyz/universities/rmit-university/programs/executive-master-of-business-administration	64	Executive Master of Business Administration
https://www.wheretoapply.xyz/universities/rmit-university/programs/foundation-standard-program	79	Foundation Standard Program
https://www.wheretoapply.xyz/universities/rmit-university/programs/graduate-certificate-in-business-administration	69	Graduate Certificate in Business Administration
https://www.wheretoapply.xyz/universities/rmit-university/programs/graduate-certificate-in-business-information-technology	61	Graduate Certificate in Business Information Technology
https://www.wheretoapply.xyz/universities/rmit-university/programs/graduate-certificate-in-dispute-resolution	68	Graduate Certificate in Dispute Resolution
https://www.wheretoapply.xyz/universities/rmit-university/programs/graduate-certificate-in-finance	71	Graduate Certificate in Finance
https://www.wheretoapply.xyz/universities/rmit-university/programs/graduate-certificate-in-human-resource-management	68	Graduate Certificate in Human Resource Management
https://www.wheretoapply.xyz/universities/rmit-university/programs/graduate-certificate-in-international-business	62	Graduate Certificate in International Business
https://www.wheretoapply.xyz/universities/rmit-university/programs/graduate-certificate-in-justice-and-criminology	62	Graduate Certificate in Justice and Criminology
https://www.wheretoapply.xyz/universities/rmit-university/programs/graduate-certificate-in-marketing	65	Graduate Certificate in Marketing
https://www.wheretoapply.xyz/universities/rmit-university/programs/graduate-certificate-in-occupational-health-and-safety	63	Graduate Certificate in Occupational Health and Safety
https://www.wheretoapply.xyz/universities/rmit-university/programs/graduate-certificate-in-professional-accounting	61	Graduate Certificate in Professional Accounting
https://www.wheretoapply.xyz/universities/rmit-university/programs/graduate-certificate-in-project-management	63	Graduate Certificate in Project Management
https://www.wheretoapply.xyz/universities/rmit-university/programs/graduate-certificate-in-property	60	Graduate Certificate in Property
https://www.wheretoapply.xyz/universities/rmit-university/programs/graduate-certificate-in-supply-chain-and-logistics-management	64	Graduate Certificate in Supply Chain and Logistics Management
https://www.wheretoapply.xyz/universities/rmit-university/programs/graduate-certificate-in-translating-and-interpreting	64	Graduate Certificate in Translating and Interpreting
https://www.wheretoapply.xyz/universities/rmit-university/programs/graduate-certificate-of-commerce	64	Graduate Certificate of Commerce
https://www.wheretoapply.xyz/universities/rmit-university/programs/graduate-diploma-in-business-information-technology	75	Graduate Diploma in Business Information Technology
https://www.wheretoapply.xyz/universities/rmit-university/programs/graduate-diploma-in-early-childhood-education	77	Graduate Diploma in Early Childhood Education
https://www.wheretoapply.xyz/universities/rmit-university/programs/graduate-diploma-in-energy-efficient-and-sustainable-building	70	Graduate Diploma in Energy Efficient and Sustainable Building
https://www.wheretoapply.xyz/universities/rmit-university/programs/graduate-diploma-in-interior-design	59	Graduate Diploma in Interior Design
https://www.wheretoapply.xyz/universities/rmit-university/programs/graduate-diploma-in-journalism	80	Graduate Diploma in Journalism
https://www.wheretoapply.xyz/universities/rmit-university/programs/graduate-diploma-in-justice-and-criminology	72	Graduate Diploma in Justice and Criminology
https://www.wheretoapply.xyz/universities/rmit-university/programs/graduate-diploma-in-media	68	Graduate Diploma in Media
https://www.wheretoapply.xyz/universities/rmit-university/programs/graduate-diploma-in-mental-health-nursing	70	Graduate Diploma in Mental Health Nursing
https://www.wheretoapply.xyz/universities/rmit-university/programs/graduate-diploma-in-occupational-health-and-safety	70	Graduate Diploma in Occupational Health and Safety
https://www.wheretoapply.xyz/universities/rmit-university/programs/graduate-diploma-in-project-management	69	Graduate Diploma in Project Management
https://www.wheretoapply.xyz/universities/rmit-university/programs/graduate-diploma-in-property	69	Graduate Diploma in Property
https://www.wheretoapply.xyz/universities/rmit-university/programs/graduate-diploma-in-translating-and-interpreting	71	Graduate Diploma in Translating and Interpreting
https://www.wheretoapply.xyz/universities/rmit-university/programs/graduate-diploma-in-urban-planning-and-environment	73	Graduate Diploma in Urban Planning and Environment
https://www.wheretoapply.xyz/universities/rmit-university/programs/graduate-diploma-of-advertising	72	Graduate Diploma of Advertising
https://www.wheretoapply.xyz/universities/rmit-university/programs/graduate-diploma-of-animation-games-and-interactivity	69	Graduate Diploma of Animation, Games and Interactivity
https://www.wheretoapply.xyz/universities/rmit-university/programs/graduate-diploma-of-commerce	61	Graduate Diploma of Commerce
https://www.wheretoapply.xyz/universities/rmit-university/programs/graduate-diploma-of-communication	64	Graduate Diploma of Communication
https://www.wheretoapply.xyz/universities/rmit-university/programs/graduate-diploma-of-communication-design	58	Graduate Diploma of Communication Design
https://www.wheretoapply.xyz/universities/rmit-university/programs/graduate-diploma-of-design-innovation-and-technology	71	Graduate Diploma of Design Innovation and Technology
https://www.wheretoapply.xyz/universities/rmit-university/programs/graduate-diploma-of-writing-and-publishing	64	Graduate Diploma of Writing and Publishing
https://www.wheretoapply.xyz/universities/rmit-university/programs/master-of-advertising	74	Master of Advertising
https://www.wheretoapply.xyz/universities/rmit-university/programs/master-of-analytics	73	Master of Analytics
https://www.wheretoapply.xyz/universities/rmit-university/programs/master-of-animation-games-and-interactivity	74	Master of Animation, Games and Interactivity
https://www.wheretoapply.xyz/universities/rmit-university/programs/master-of-artificial-intelligence	81	Master of Artificial Intelligence
https://www.wheretoapply.xyz/universities/rmit-university/programs/master-of-biotechnology	69	Master of Biotechnology
https://www.wheretoapply.xyz/universities/rmit-university/programs/master-of-business-analytics-and-ai-strategy	63	Master of Business Analytics and AI Strategy
https://www.wheretoapply.xyz/universities/rmit-university/programs/master-of-business-information-technology	72	Master of Business Information Technology
https://www.wheretoapply.xyz/universities/rmit-university/programs/master-of-clinical-osteopathy	69	Master of Clinical Osteopathy
https://www.wheretoapply.xyz/universities/rmit-university/programs/master-of-clinical-psychology	70	Master of Clinical Psychology
https://www.wheretoapply.xyz/universities/rmit-university/programs/master-of-commerce	71	Master of Commerce
https://www.wheretoapply.xyz/universities/rmit-university/programs/master-of-communication-design	73	Master of Communication Design
https://www.wheretoapply.xyz/universities/rmit-university/programs/master-of-data-science-and-artificial-intelligence	74	Master of Data Science and Artificial Intelligence
https://www.wheretoapply.xyz/universities/rmit-university/programs/master-of-design-innovation-and-technology	71	Master of Design Innovation and Technology
https://www.wheretoapply.xyz/universities/rmit-university/programs/master-of-energy-efficient-and-sustainable-building	67	Master of Energy Efficient and Sustainable Building
https://www.wheretoapply.xyz/universities/rmit-university/programs/master-of-finance	61	Master of Finance
https://www.wheretoapply.xyz/universities/rmit-university/programs/master-of-food-science-and-technology	73	Master of Food Science and Technology
https://www.wheretoapply.xyz/universities/rmit-university/programs/master-of-geospatial-science	69	Master of Geospatial Science
https://www.wheretoapply.xyz/universities/rmit-university/programs/master-of-global-studies	65	Master of Global Studies
https://www.wheretoapply.xyz/universities/rmit-university/programs/master-of-human-resource-management	71	Master of Human Resource Management
https://www.wheretoapply.xyz/universities/rmit-university/programs/master-of-interior-design	74	Master of Interior Design
https://www.wheretoapply.xyz/universities/rmit-university/programs/master-of-international-business	64	Master of International Business
https://www.wheretoapply.xyz/universities/rmit-university/programs/master-of-justice-and-criminology	69	Master of Justice and Criminology
https://www.wheretoapply.xyz/universities/rmit-university/programs/master-of-laboratory-medicine	74	Master of Laboratory Medicine
https://www.wheretoapply.xyz/universities/rmit-university/programs/master-of-landscape-architecture	60	Master of Landscape Architecture
https://www.wheretoapply.xyz/universities/rmit-university/programs/master-of-marketing	65	Master of Marketing
https://www.wheretoapply.xyz/universities/rmit-university/programs/master-of-media	69	Master of Media
https://www.wheretoapply.xyz/universities/rmit-university/programs/master-of-medical-physics	74	Master of Medical Physics
https://www.wheretoapply.xyz/universities/rmit-university/programs/master-of-occupational-health-and-safety	65	Master of Occupational Health and Safety
https://www.wheretoapply.xyz/universities/rmit-university/programs/master-of-photography	64	Master of Photography
https://www.wheretoapply.xyz/universities/rmit-university/programs/master-of-physiotherapy	71	Master of Physiotherapy
https://www.wheretoapply.xyz/universities/rmit-university/programs/master-of-project-management	74	Master of Project Management
https://www.wheretoapply.xyz/universities/rmit-university/programs/master-of-property	72	Master of Property
https://www.wheretoapply.xyz/universities/rmit-university/programs/master-of-public-policy	60	Master of Public Policy
https://www.wheretoapply.xyz/universities/rmit-university/programs/master-of-science-applied-physics	84	Master of Science (Applied Physics)
https://www.wheretoapply.xyz/universities/rmit-university/programs/master-of-social-work	73	Master of Social Work
https://www.wheretoapply.xyz/universities/rmit-university/programs/master-of-statistics-and-operations-research	70	Master of Statistics and Operations Research
https://www.wheretoapply.xyz/universities/rmit-university/programs/master-of-supply-chain-and-logistics-management	69	Master of Supply Chain and Logistics Management
https://www.wheretoapply.xyz/universities/rmit-university/programs/master-of-translating-and-interpreting	80	Master of Translating and Interpreting
https://www.wheretoapply.xyz/universities/rmit-university/programs/master-of-urban-design	69	Master of Urban Design
https://www.wheretoapply.xyz/universities/rmit-university/programs/master-of-urban-planning-and-environment	83	Master of Urban Planning and Environment
https://www.wheretoapply.xyz/universities/rmit-university/programs/master-of-writing-and-publishing	68	Master of Writing and Publishing
https://www.wheretoapply.xyz/universities/south-metropolitan-tafe/programs/diploma-of-hospitality-management	80	Diploma of Hospitality Management
https://www.wheretoapply.xyz/universities/southern-cross-university/programs/doctor-of-philosophy-business	51	Doctor of Philosophy (Business)
https://www.wheretoapply.xyz/universities/southern-cross-university/programs/graduate-certificate-in-business	53	Graduate Certificate in Business
https://www.wheretoapply.xyz/universities/southern-cross-university/programs/masters-by-thesis	53	Masters by Thesis
https://www.wheretoapply.xyz/universities/swinburne-university-of-technology/programs/advanced-diploma-of-engineering-technology-electrical	83	Advanced Diploma of Engineering Technology - Electrical
https://www.wheretoapply.xyz/universities/swinburne-university-of-technology/programs/associate-degree-of-engineering	62	Associate Degree of Engineering
https://www.wheretoapply.xyz/universities/swinburne-university-of-technology/programs/bachelor-of-animation	66	Bachelor of Animation
https://www.wheretoapply.xyz/universities/swinburne-university-of-technology/programs/bachelor-of-artificial-intelligence	61	Bachelor of Artificial Intelligence
https://www.wheretoapply.xyz/universities/swinburne-university-of-technology/programs/bachelor-of-artificial-intelligence-in-business	70	Bachelor of Artificial Intelligence in Business
https://www.wheretoapply.xyz/universities/swinburne-university-of-technology/programs/bachelor-of-arts	75	Bachelor of Arts
https://www.wheretoapply.xyz/universities/swinburne-university-of-technology/programs/bachelor-of-business-analytics	62	Bachelor of Business Analytics
https://www.wheretoapply.xyz/universities/swinburne-university-of-technology/programs/bachelor-of-business-analytics-and-analysis	62	Bachelor of Business Analytics and Analysis
https://www.wheretoapply.xyz/universities/swinburne-university-of-technology/programs/bachelor-of-computer-science	78	Bachelor of Computer Science
https://www.wheretoapply.xyz/universities/swinburne-university-of-technology/programs/bachelor-of-cyber-security	81	Bachelor of Cyber Security
https://www.wheretoapply.xyz/universities/swinburne-university-of-technology/programs/bachelor-of-education-studies	82	Bachelor of Education Studies
https://www.wheretoapply.xyz/universities/swinburne-university-of-technology/programs/bachelor-of-games-and-interactivity-professional	72	Bachelor of Games and Interactivity (Professional)
https://www.wheretoapply.xyz/universities/swinburne-university-of-technology/programs/bachelor-of-health-science	70	Bachelor of Health Science
https://www.wheretoapply.xyz/universities/swinburne-university-of-technology/programs/bachelor-of-information-and-communication-technology	81	Bachelor of Information and Communication Technology
https://www.wheretoapply.xyz/universities/swinburne-university-of-technology/programs/graduate-certificate-of-business	66	Graduate Certificate of Business
https://www.wheretoapply.xyz/universities/swinburne-university-of-technology/programs/master-of-business-by-research	66	Master of Business (by Research)
https://www.wheretoapply.xyz/universities/tafe-nsw/programs/diploma-of-beauty-therapy	81	Diploma of Beauty Therapy
https://www.wheretoapply.xyz/universities/tafe-nsw/programs/diploma-of-building-and-construction-building	83	Diploma of Building and Construction (Building)
https://www.wheretoapply.xyz/universities/tafe-nsw/programs/diploma-of-building-design	70	Diploma of Building Design
https://www.wheretoapply.xyz/universities/tafe-nsw/programs/diploma-of-electronics-and-communications-engineering	75	Diploma of Electronics and Communications Engineering
https://www.wheretoapply.xyz/universities/tafe-nsw/programs/diploma-of-hospitality-management	77	Diploma of Hospitality Management
https://www.wheretoapply.xyz/universities/tafe-nsw/programs/diploma-of-travel-and-tourism-management	64	Diploma of Travel and Tourism Management
https://www.wheretoapply.xyz/universities/torrens-university-australia/programs/advanced-diploma-of-photography-and-content-creation	62	Advanced Diploma of Photography and Content Creation
https://www.wheretoapply.xyz/universities/torrens-university-australia/programs/associate-degree-of-3d-design-and-animation	76	Associate Degree of 3D Design and Animation
https://www.wheretoapply.xyz/universities/torrens-university-australia/programs/associate-degree-of-branded-fashion-design	65	Associate Degree of Branded Fashion Design
https://www.wheretoapply.xyz/universities/torrens-university-australia/programs/associate-degree-of-business-international-hotel-and-resort-management	80	Associate Degree of Business (International Hotel and Resort Management)
https://www.wheretoapply.xyz/universities/torrens-university-australia/programs/associate-degree-of-communication-design	70	Associate Degree of Communication Design
https://www.wheretoapply.xyz/universities/torrens-university-australia/programs/associate-degree-of-culinary-management	60	Associate Degree of Culinary Management
https://www.wheretoapply.xyz/universities/torrens-university-australia/programs/associate-degree-of-cybersecurity	66	Associate Degree of Cybersecurity
https://www.wheretoapply.xyz/universities/torrens-university-australia/programs/associate-degree-of-fashion-marketing-and-enterprise	59	Associate Degree of Fashion Marketing and Enterprise
https://www.wheretoapply.xyz/universities/torrens-university-australia/programs/associate-degree-of-film-and-video	69	Associate Degree of Film and Video
https://www.wheretoapply.xyz/universities/torrens-university-australia/programs/associate-degree-of-interior-design-commercial	66	Associate Degree of Interior Design (Commercial)
https://www.wheretoapply.xyz/universities/torrens-university-australia/programs/associate-degree-of-software-engineering-artificial-intelligence	76	Associate Degree of Software Engineering (Artificial Intelligence)
https://www.wheretoapply.xyz/universities/torrens-university-australia/programs/associate-degree-of-ux-and-web-design	66	Associate Degree of UX and Web Design
https://www.wheretoapply.xyz/universities/torrens-university-australia/programs/diploma-of-beauty-and-spa-practice	76	Diploma of Beauty and Spa Practice
https://www.wheretoapply.xyz/universities/torrens-university-australia/programs/diploma-of-branded-fashion-design	66	Diploma of Branded Fashion Design
https://www.wheretoapply.xyz/universities/torrens-university-australia/programs/diploma-of-business-information-systems	79	Diploma of Business Information Systems
https://www.wheretoapply.xyz/universities/torrens-university-australia/programs/diploma-of-communication-design	81	Diploma of Communication Design
https://www.wheretoapply.xyz/universities/torrens-university-australia/programs/diploma-of-fashion-marketing-and-enterprise	84	Diploma of Fashion Marketing and Enterprise
https://www.wheretoapply.xyz/universities/torrens-university-australia/programs/diploma-of-game-design-and-development	81	Diploma of Game Design and Development
https://www.wheretoapply.xyz/universities/torrens-university-australia/programs/diploma-of-information-technology	81	Diploma of Information Technology
https://www.wheretoapply.xyz/universities/torrens-university-australia/programs/diploma-of-media-production	79	Diploma of Media Production
https://www.wheretoapply.xyz/universities/torrens-university-australia/programs/diploma-of-photography-and-content-creation	62	Diploma of Photography and Content Creation
https://www.wheretoapply.xyz/universities/torrens-university-australia/programs/doctor-of-philosophy	64	Doctor of Philosophy
https://www.wheretoapply.xyz/universities/torrens-university-australia/programs/graduate-certificate-of-analytics	79	Graduate Certificate of Analytics
https://www.wheretoapply.xyz/universities/torrens-university-australia/programs/graduate-certificate-of-business-administration	84	Graduate Certificate of Business Administration
https://www.wheretoapply.xyz/universities/torrens-university-australia/programs/graduate-certificate-of-business-analytics	66	Graduate Certificate of Business Analytics
https://www.wheretoapply.xyz/universities/torrens-university-australia/programs/graduate-certificate-of-cybersecurity	76	Graduate Certificate of Cybersecurity
https://www.wheretoapply.xyz/universities/torrens-university-australia/programs/graduate-certificate-of-design	83	Graduate Certificate of Design
https://www.wheretoapply.xyz/universities/torrens-university-australia/programs/graduate-certificate-of-education	77	Graduate Certificate of Education
https://www.wheretoapply.xyz/universities/torrens-university-australia/programs/graduate-certificate-of-global-project-management	69	Graduate Certificate of Global Project Management
https://www.wheretoapply.xyz/universities/torrens-university-australia/programs/graduate-certificate-of-information-technology	73	Graduate Certificate of Information Technology
https://www.wheretoapply.xyz/universities/torrens-university-australia/programs/graduate-certificate-of-public-health	75	Graduate Certificate of Public Health
https://www.wheretoapply.xyz/universities/torrens-university-australia/programs/graduate-certificate-of-research-studies	66	Graduate Certificate of Research Studies
https://www.wheretoapply.xyz/universities/torrens-university-australia/programs/graduate-diploma-of-business-analytics	81	Graduate Diploma of Business Analytics
https://www.wheretoapply.xyz/universities/torrens-university-australia/programs/graduate-diploma-of-business-information-systems	75	Graduate Diploma of Business Information Systems
https://www.wheretoapply.xyz/universities/torrens-university-australia/programs/graduate-diploma-of-cybersecurity	73	Graduate Diploma of Cybersecurity
https://www.wheretoapply.xyz/universities/torrens-university-australia/programs/graduate-diploma-of-global-project-management	82	Graduate Diploma of Global Project Management
https://www.wheretoapply.xyz/universities/torrens-university-australia/programs/graduate-diploma-of-public-health	79	Graduate Diploma of Public Health
https://www.wheretoapply.xyz/universities/torrens-university-australia/programs/graduate-diploma-of-research-studies	52	Graduate Diploma of Research Studies
https://www.wheretoapply.xyz/universities/torrens-university-australia/programs/master-of-business-information-systems	83	Master of Business Information Systems
https://www.wheretoapply.xyz/universities/torrens-university-australia/programs/master-of-cybersecurity-advanced	78	Master of Cybersecurity (Advanced)
https://www.wheretoapply.xyz/universities/torrens-university-australia/programs/master-of-engineering-management	72	Master of Engineering Management
https://www.wheretoapply.xyz/universities/torrens-university-australia/programs/master-of-global-project-management-advanced	79	Master of Global Project Management (Advanced)
https://www.wheretoapply.xyz/universities/torrens-university-australia/programs/master-of-international-hotel-management	71	Master of International Hotel Management
https://www.wheretoapply.xyz/universities/torrens-university-australia/programs/master-of-philosophy	62	Master of Philosophy
https://www.wheretoapply.xyz/universities/torrens-university-australia/programs/master-of-professional-accounting-advanced	68	Master of Professional Accounting (Advanced)
https://www.wheretoapply.xyz/universities/torrens-university-australia/programs/master-of-public-health-advanced	74	Master of Public Health Advanced
https://www.wheretoapply.xyz/universities/torrens-university-australia/programs/master-of-research-studies	50	Master of Research Studies
https://www.wheretoapply.xyz/universities/university-of-canberra/programs/bachelor-of-acting-and-performance	74	Bachelor of Acting and Performance
https://www.wheretoapply.xyz/universities/university-of-canberra/programs/bachelor-of-applied-fashion	76	Bachelor of Applied Fashion
https://www.wheretoapply.xyz/universities/university-of-canberra/programs/bachelor-of-contemporary-music-practice	77	Bachelor of Contemporary Music Practice
https://www.wheretoapply.xyz/universities/university-of-canberra/programs/bachelor-of-environmental-science	57	Bachelor of Environmental Science
https://www.wheretoapply.xyz/universities/university-of-canberra/programs/bachelor-of-visual-arts	78	Bachelor of Visual Arts
https://www.wheretoapply.xyz/universities/university-of-canberra/programs/doctor-of-philosophy-in-clinical-psychology	78	Doctor of Philosophy in Clinical Psychology
https://www.wheretoapply.xyz/universities/university-of-canberra/programs/graduate-certificate-in-academic-foundations	83	Graduate Certificate in Academic Foundations
https://www.wheretoapply.xyz/universities/university-of-canberra/programs/graduate-certificate-in-building-and-construction-information-management29	69	Graduate Certificate in Building and Construction Information Management29
https://www.wheretoapply.xyz/universities/university-of-canberra/programs/graduate-certificate-in-communication	72	Graduate Certificate in Communication
https://www.wheretoapply.xyz/universities/university-of-canberra/programs/graduate-certificate-in-creative-industries	77	Graduate Certificate in Creative Industries
https://www.wheretoapply.xyz/universities/university-of-canberra/programs/graduate-certificate-in-data-science	78	Graduate Certificate in Data Science
https://www.wheretoapply.xyz/universities/university-of-canberra/programs/graduate-certificate-in-digital-marketing	76	Graduate Certificate in Digital Marketing
https://www.wheretoapply.xyz/universities/university-of-canberra/programs/graduate-certificate-in-disability-leadership-and-strategy	80	Graduate Certificate in Disability Leadership and Strategy
https://www.wheretoapply.xyz/universities/university-of-canberra/programs/graduate-certificate-in-disability-policy-and-advocacy	82	Graduate Certificate in Disability Policy and Advocacy
https://www.wheretoapply.xyz/universities/university-of-canberra/programs/graduate-certificate-in-education	84	Graduate Certificate in Education
https://www.wheretoapply.xyz/universities/university-of-canberra/programs/graduate-certificate-in-educational-leadership	83	Graduate Certificate in Educational Leadership
https://www.wheretoapply.xyz/universities/university-of-canberra/programs/graduate-certificate-in-gender-policy	80	Graduate Certificate in Gender Policy
https://www.wheretoapply.xyz/universities/university-of-canberra/programs/graduate-certificate-in-human-movement-science	80	Graduate Certificate in Human Movement Science
https://www.wheretoapply.xyz/universities/university-of-canberra/programs/graduate-certificate-in-information-technology	73	Graduate Certificate in Information Technology
https://www.wheretoapply.xyz/universities/university-of-canberra/programs/graduate-certificate-in-international-development	77	Graduate Certificate in International Development
https://www.wheretoapply.xyz/universities/university-of-canberra/programs/graduate-certificate-in-lgbtqia-policy	72	Graduate Certificate in LGBTQIA+ Policy
https://www.wheretoapply.xyz/universities/university-of-canberra/programs/graduate-certificate-in-policy-and-data	78	Graduate Certificate in Policy and Data
https://www.wheretoapply.xyz/universities/university-of-canberra/programs/graduate-certificate-in-policy-evaluation	80	Graduate Certificate in Policy Evaluation
https://www.wheretoapply.xyz/universities/university-of-canberra/programs/graduate-certificate-in-public-administration	75	Graduate Certificate in Public Administration
https://www.wheretoapply.xyz/universities/university-of-canberra/programs/graduate-certificate-in-public-policy	72	Graduate Certificate in Public Policy
https://www.wheretoapply.xyz/universities/university-of-canberra/programs/graduate-certificate-in-stem-education	72	Graduate Certificate in STEM Education
https://www.wheretoapply.xyz/universities/university-of-canberra/programs/graduate-certificate-in-teaching-english-to-speakers-of-other-languages-tesol-and-foreign-language-teaching-flt	73	Graduate Certificate in Teaching English to Speakers of Other Languages (TESOL) and Foreign Language Teaching (FLT)
https://www.wheretoapply.xyz/universities/university-of-canberra/programs/graduate-certificate-in-tesol-and-foreign-language-teaching-flt	78	Graduate Certificate in TESOL and Foreign Language Teaching (FLT)
https://www.wheretoapply.xyz/universities/university-of-canberra/programs/graduate-diploma-in-communication	72	Graduate Diploma in Communication
https://www.wheretoapply.xyz/universities/university-of-canberra/programs/graduate-diploma-in-creative-industries	65	Graduate Diploma in Creative Industries
https://www.wheretoapply.xyz/universities/university-of-canberra/programs/graduate-diploma-in-information-technology	67	Graduate Diploma in Information Technology
https://www.wheretoapply.xyz/universities/university-of-canberra/programs/graduate-diploma-in-law	84	Graduate Diploma in Law
https://www.wheretoapply.xyz/universities/university-of-canberra/programs/graduate-diploma-in-public-policy	76	Graduate Diploma in Public Policy
https://www.wheretoapply.xyz/universities/university-of-canberra/programs/graduate-diploma-in-teaching-english-to-speakers-of-other-languages-tesol-and-foreign-language-teaching-flt	77	Graduate Diploma in Teaching English to Speakers of Other Languages (TESOL) and Foreign Language Teaching (FLT)
https://www.wheretoapply.xyz/universities/university-of-divinity/programs/advanced-diploma-in-theology-and-ministry	77	Advanced Diploma in Theology and Ministry
https://www.wheretoapply.xyz/universities/university-of-divinity/programs/bachelor-of-counselling	83	Bachelor of Counselling
https://www.wheretoapply.xyz/universities/university-of-divinity/programs/graduate-certificate-in-theology	74	Graduate Certificate in Theology
https://www.wheretoapply.xyz/universities/university-of-divinity/programs/graduate-diploma-in-divinity	72	Graduate Diploma in Divinity
https://www.wheretoapply.xyz/universities/university-of-divinity/programs/graduate-diploma-in-spirituality	81	Graduate Diploma in Spirituality
https://www.wheretoapply.xyz/universities/university-of-divinity/programs/graduate-diploma-in-theology	71	Graduate Diploma in Theology
https://www.wheretoapply.xyz/universities/university-of-divinity/programs/master-of-divinity	82	Master of Divinity
https://www.wheretoapply.xyz/universities/university-of-divinity/programs/master-of-spiritual-direction	57	Master of Spiritual Direction
https://www.wheretoapply.xyz/universities/university-of-divinity/programs/master-of-theological-studies	60	Master of Theological Studies
https://www.wheretoapply.xyz/universities/university-of-divinity/programs/master-of-theology	77	Master of Theology
https://www.wheretoapply.xyz/universities/university-of-melbourne/programs/bachelor-of-arts	80	Bachelor of Arts
https://www.wheretoapply.xyz/universities/university-of-melbourne/programs/bachelor-of-biomedicine	79	Bachelor of Biomedicine
https://www.wheretoapply.xyz/universities/university-of-melbourne/programs/bachelor-of-science	76	Bachelor of Science
https://www.wheretoapply.xyz/universities/university-of-new-england/programs/advanced-diploma-in-arts	83	Advanced Diploma in Arts
https://www.wheretoapply.xyz/universities/university-of-new-england/programs/bachelor-of-accounting	63	Bachelor of Accounting
https://www.wheretoapply.xyz/universities/university-of-new-england/programs/bachelor-of-agribusiness	76	Bachelor of Agribusiness
https://www.wheretoapply.xyz/universities/university-of-new-england/programs/bachelor-of-agribusiness-with-honours	67	Bachelor of Agribusiness with Honours
https://www.wheretoapply.xyz/universities/university-of-new-england/programs/bachelor-of-animal-science	76	Bachelor of Animal Science
https://www.wheretoapply.xyz/universities/university-of-new-england/programs/bachelor-of-arts	61	Bachelor of Arts
https://www.wheretoapply.xyz/universities/university-of-new-england/programs/bachelor-of-arts-with-honours	71	Bachelor of Arts with Honours
https://www.wheretoapply.xyz/universities/university-of-new-england/programs/bachelor-of-business	83	Bachelor of Business
https://www.wheretoapply.xyz/universities/university-of-new-england/programs/bachelor-of-computer-science	79	Bachelor of Computer Science
https://www.wheretoapply.xyz/universities/university-of-new-england/programs/bachelor-of-criminology	84	Bachelor of Criminology
https://www.wheretoapply.xyz/universities/university-of-new-england/programs/bachelor-of-digital-marketing	62	Bachelor of Digital Marketing
https://www.wheretoapply.xyz/universities/university-of-new-england/programs/bachelor-of-economics-with-honours	76	Bachelor of Economics with Honours
https://www.wheretoapply.xyz/universities/university-of-new-england/programs/bachelor-of-education-early-childhood-and-primary	84	Bachelor of Education (Early Childhood and Primary)
https://www.wheretoapply.xyz/universities/university-of-new-england/programs/bachelor-of-geoscience	73	Bachelor of GeoScience
https://www.wheretoapply.xyz/universities/university-of-new-england/programs/bachelor-of-information-technology	73	Bachelor of Information Technology
https://www.wheretoapply.xyz/universities/university-of-new-england/programs/bachelor-of-pharmacy-with-honours	74	Bachelor of Pharmacy with Honours
https://www.wheretoapply.xyz/universities/university-of-new-england/programs/bachelor-of-psychological-science	83	Bachelor of Psychological Science
https://www.wheretoapply.xyz/universities/university-of-new-england/programs/bachelor-of-psychology-with-honours	76	Bachelor of Psychology with Honours
https://www.wheretoapply.xyz/universities/university-of-new-england/programs/bachelor-of-science-with-honours	78	Bachelor of Science with Honours
https://www.wheretoapply.xyz/universities/university-of-new-england/programs/bachelor-of-social-work	84	Bachelor of Social Work
https://www.wheretoapply.xyz/universities/university-of-new-england/programs/bachelor-of-sustainability	84	Bachelor of Sustainability
https://www.wheretoapply.xyz/universities/university-of-new-england/programs/bachelor-of-urban-and-regional-planning	77	Bachelor of Urban and Regional Planning
https://www.wheretoapply.xyz/universities/university-of-new-england/programs/diploma-in-paralegal-studies	66	Diploma in Paralegal Studies
https://www.wheretoapply.xyz/universities/university-of-new-england/programs/doctor-of-philosophy-band-1	72	Doctor of Philosophy Band 1
https://www.wheretoapply.xyz/universities/university-of-new-england/programs/doctor-of-philosophy-band-2	72	Doctor of Philosophy Band 2
https://www.wheretoapply.xyz/universities/university-of-new-england/programs/doctor-of-philosophy-humanities-4-years	72	Doctor of Philosophy (Humanities) 4 Years
https://www.wheretoapply.xyz/universities/university-of-new-england/programs/doctor-of-philosophy-science-4-year	72	Doctor of Philosophy (Science, 4 year)
https://www.wheretoapply.xyz/universities/university-of-new-england/programs/graduate-certificate-in-cybersecurity	67	Graduate Certificate in Cybersecurity
https://www.wheretoapply.xyz/universities/university-of-new-england/programs/graduate-certificate-in-data-science	73	Graduate Certificate in Data Science
https://www.wheretoapply.xyz/universities/university-of-new-england/programs/graduate-diploma-in-cybersecurity	65	Graduate Diploma in Cybersecurity
https://www.wheretoapply.xyz/universities/university-of-new-england/programs/graduate-diploma-in-data-science	72	Graduate Diploma in Data Science
https://www.wheretoapply.xyz/universities/university-of-new-england/programs/graduate-diploma-in-economics	82	Graduate Diploma in Economics
https://www.wheretoapply.xyz/universities/university-of-new-england/programs/graduate-diploma-in-psychology	75	Graduate Diploma in Psychology
https://www.wheretoapply.xyz/universities/university-of-new-england/programs/graduate-diploma-in-science	76	Graduate Diploma in Science
https://www.wheretoapply.xyz/universities/university-of-new-england/programs/master-of-artificial-intelligence	52	Master of Artificial Intelligence
https://www.wheretoapply.xyz/universities/university-of-new-england/programs/master-of-business-administration	82	Master of Business Administration
https://www.wheretoapply.xyz/universities/university-of-new-england/programs/master-of-computer-science	70	Master of Computer Science
https://www.wheretoapply.xyz/universities/university-of-new-england/programs/master-of-cybersecurity	82	Master of Cybersecurity
https://www.wheretoapply.xyz/universities/university-of-new-england/programs/master-of-economic-and-regional-development	82	Master of Economic and Regional Development
https://www.wheretoapply.xyz/universities/university-of-new-england/programs/master-of-economics-coursework	83	Master of Economics (Coursework)
https://www.wheretoapply.xyz/universities/university-of-new-england/programs/master-of-information-technology	84	Master of Information Technology
https://www.wheretoapply.xyz/universities/university-of-new-england/programs/master-of-nursing-practice-preregistration	77	Master of Nursing Practice (Preregistration)
https://www.wheretoapply.xyz/universities/university-of-new-england/programs/master-of-philosophy-arts	84	Master of Philosophy (Arts)
https://www.wheretoapply.xyz/universities/university-of-new-england/programs/master-of-professional-accounting	82	Master of Professional Accounting
https://www.wheretoapply.xyz/universities/university-of-new-england/programs/master-of-rural-science	74	Master of Rural Science
https://www.wheretoapply.xyz/universities/university-of-new-england/programs/master-of-science	71	Master of Science
https://www.wheretoapply.xyz/universities/university-of-new-england/programs/master-of-scientific-studies	81	Master of Scientific Studies
https://www.wheretoapply.xyz/universities/university-of-new-england/programs/master-of-social-work-qualifying	72	Master of Social Work (Qualifying)
https://www.wheretoapply.xyz/universities/university-of-new-england/programs/master-of-teaching-secondary	57	Master of Teaching (Secondary)
https://www.wheretoapply.xyz/universities/university-of-new-england/programs/master-of-urban-and-regional-planning	68	Master of Urban and Regional Planning
https://www.wheretoapply.xyz/universities/university-of-newcastle/programs/associate-degree-in-science	84	Associate Degree in Science
https://www.wheretoapply.xyz/universities/university-of-newcastle/programs/bachelor-of-biomedical-science	78	Bachelor of Biomedical Science
https://www.wheretoapply.xyz/universities/university-of-newcastle/programs/bachelor-of-biomedicine	58	Bachelor of Biomedicine
https://www.wheretoapply.xyz/universities/university-of-newcastle/programs/bachelor-of-biotechnology	68	Bachelor of Biotechnology
https://www.wheretoapply.xyz/universities/university-of-newcastle/programs/bachelor-of-business-analytics	72	Bachelor of Business Analytics
https://www.wheretoapply.xyz/universities/university-of-newcastle/programs/bachelor-of-chemical-engineering-honours	83	Bachelor of Chemical Engineering (Honours)
https://www.wheretoapply.xyz/universities/university-of-newcastle/programs/bachelor-of-coastal-and-marine-science	77	Bachelor of Coastal and Marine Science
https://www.wheretoapply.xyz/universities/university-of-newcastle/programs/bachelor-of-commerce	81	Bachelor of Commerce
https://www.wheretoapply.xyz/universities/university-of-newcastle/programs/bachelor-of-computer-science	72	Bachelor of Computer Science
https://www.wheretoapply.xyz/universities/university-of-newcastle/programs/bachelor-of-computer-systems-engineering-honours	74	Bachelor of Computer Systems Engineering (Honours)
https://www.wheretoapply.xyz/universities/university-of-newcastle/programs/bachelor-of-computing-honours	61	Bachelor of Computing (Honours)
https://www.wheretoapply.xyz/universities/university-of-newcastle/programs/bachelor-of-criminology	79	Bachelor of Criminology
https://www.wheretoapply.xyz/universities/university-of-newcastle/programs/bachelor-of-data-science	79	Bachelor of Data Science
https://www.wheretoapply.xyz/universities/university-of-newcastle/programs/bachelor-of-design-architecture	70	Bachelor of Design (Architecture)
https://www.wheretoapply.xyz/universities/university-of-newcastle/programs/bachelor-of-development-studies	75	Bachelor of Development Studies
https://www.wheretoapply.xyz/universities/university-of-newcastle/programs/bachelor-of-education-early-childhood-and-primary	62	Bachelor of Education (Early Childhood and Primary)
https://www.wheretoapply.xyz/universities/university-of-newcastle/programs/bachelor-of-education-studies-exit-only-award	71	Bachelor of Education Studies [Exit Only Award]
https://www.wheretoapply.xyz/universities/university-of-newcastle/programs/bachelor-of-electrical-and-electronic-engineering-honours	71	Bachelor of Electrical and Electronic Engineering (Honours)
https://www.wheretoapply.xyz/universities/university-of-newcastle/programs/bachelor-of-environmental-engineering-honours	74	Bachelor of Environmental Engineering (Honours)
https://www.wheretoapply.xyz/universities/university-of-newcastle/programs/bachelor-of-environmental-science-and-management	77	Bachelor of Environmental Science and Management
https://www.wheretoapply.xyz/universities/university-of-newcastle/programs/bachelor-of-exercise-and-sports-science-honours	72	Bachelor of Exercise and Sports Science (Honours)
https://www.wheretoapply.xyz/universities/university-of-newcastle/programs/bachelor-of-food-science-and-human-nutrition	75	Bachelor of Food Science and Human Nutrition
https://www.wheretoapply.xyz/universities/university-of-newcastle/programs/bachelor-of-global-indigenous-studies	77	Bachelor of Global Indigenous Studies
https://www.wheretoapply.xyz/universities/university-of-newcastle/programs/bachelor-of-health-science-honours	64	Bachelor of Health Science (Honours)
https://www.wheretoapply.xyz/universities/university-of-newcastle/programs/bachelor-of-mathematics-honours	79	Bachelor of Mathematics (Honours)
https://www.wheretoapply.xyz/universities/university-of-newcastle/programs/bachelor-of-mechatronics-engineering-honours	74	Bachelor of Mechatronics Engineering (Honours)
https://www.wheretoapply.xyz/universities/university-of-newcastle/programs/bachelor-of-media-and-communication	77	Bachelor of Media and Communication
https://www.wheretoapply.xyz/universities/university-of-newcastle/programs/bachelor-of-medical-engineering-honours	69	Bachelor of Medical Engineering (Honours)
https://www.wheretoapply.xyz/universities/university-of-newcastle/programs/bachelor-of-medical-radiation-science-honours-diagnostic-radiography	78	Bachelor of Medical Radiation Science (Honours) (Diagnostic Radiography)
https://www.wheretoapply.xyz/universities/university-of-newcastle/programs/bachelor-of-music-and-performing-arts	74	Bachelor of Music and Performing Arts
https://www.wheretoapply.xyz/universities/university-of-newcastle/programs/bachelor-of-nutrition-and-dietetics-honours	79	Bachelor of Nutrition and Dietetics (Honours)
https://www.wheretoapply.xyz/universities/university-of-newcastle/programs/bachelor-of-occupational-therapy-honours	84	Bachelor of Occupational Therapy (Honours)
https://www.wheretoapply.xyz/universities/university-of-newcastle/programs/bachelor-of-oral-health-therapy	73	Bachelor of Oral Health Therapy
https://www.wheretoapply.xyz/universities/university-of-newcastle/programs/bachelor-of-pharmacy-honours	68	Bachelor of Pharmacy (Honours)
https://www.wheretoapply.xyz/universities/university-of-newcastle/programs/bachelor-of-physiotherapy-honours	74	Bachelor of Physiotherapy (Honours)
https://www.wheretoapply.xyz/universities/university-of-newcastle/programs/bachelor-of-podiatric-medicine-honours	72	Bachelor of Podiatric Medicine (Honours)
https://www.wheretoapply.xyz/universities/university-of-newcastle/programs/bachelor-of-renewable-energy-engineering-honours	69	Bachelor of Renewable Energy Engineering (Honours)
https://www.wheretoapply.xyz/universities/university-of-newcastle/programs/bachelor-of-social-science	79	Bachelor of Social Science
https://www.wheretoapply.xyz/universities/university-of-newcastle/programs/bachelor-of-social-work-honours	72	Bachelor of Social Work (Honours)
https://www.wheretoapply.xyz/universities/university-of-newcastle/programs/bachelor-of-software-engineering-honours	76	Bachelor of Software Engineering (Honours)
https://www.wheretoapply.xyz/universities/university-of-newcastle/programs/bachelor-of-speech-pathology-honours	70	Bachelor of Speech Pathology (Honours)
https://www.wheretoapply.xyz/universities/university-of-newcastle/programs/bachelor-of-surveying-honours	71	Bachelor of Surveying (Honours)
https://www.wheretoapply.xyz/universities/university-of-newcastle/programs/bachelor-of-tourism-hospitality-and-events	73	Bachelor of Tourism, Hospitality and Events
https://www.wheretoapply.xyz/universities/university-of-newcastle/programs/bachelor-of-visual-communication-design	65	Bachelor of Visual Communication Design
https://www.wheretoapply.xyz/universities/university-of-newcastle/programs/diploma-in-languages	74	Diploma in Languages
https://www.wheretoapply.xyz/universities/university-of-newcastle/programs/doctor-of-philosophy-medicine	81	Doctor of Philosophy (Medicine)
https://www.wheretoapply.xyz/universities/university-of-newcastle/programs/foundation-studies	77	Foundation Studies
https://www.wheretoapply.xyz/universities/university-of-newcastle/programs/graduate-certificate-in-business-administration	78	Graduate Certificate in Business Administration
https://www.wheretoapply.xyz/universities/university-of-newcastle/programs/graduate-certificate-in-clinical-epidemiology	66	Graduate Certificate in Clinical Epidemiology
https://www.wheretoapply.xyz/universities/university-of-newcastle/programs/graduate-certificate-in-disaster-risk-and-resilience	71	Graduate Certificate in Disaster Risk and Resilience
https://www.wheretoapply.xyz/universities/university-of-newcastle/programs/graduate-certificate-in-education	69	Graduate Certificate in Education
https://www.wheretoapply.xyz/universities/university-of-newcastle/programs/graduate-certificate-in-fintech	60	Graduate Certificate in Fintech
https://www.wheretoapply.xyz/universities/university-of-newcastle/programs/graduate-certificate-in-health-economics-management-and-policy	69	Graduate Certificate in Health Economics, Management and Policy
https://www.wheretoapply.xyz/universities/university-of-newcastle/programs/graduate-certificate-in-health-management-and-policy	76	Graduate Certificate in Health Management and Policy
https://www.wheretoapply.xyz/universities/university-of-newcastle/programs/graduate-certificate-in-human-and-social-services	73	Graduate Certificate in Human and Social Services
https://www.wheretoapply.xyz/universities/university-of-newcastle/programs/graduate-certificate-in-human-resource-management	74	Graduate Certificate in Human Resource Management
https://www.wheretoapply.xyz/universities/university-of-newcastle/programs/graduate-certificate-in-information-technology	72	Graduate Certificate in Information Technology
https://www.wheretoapply.xyz/universities/university-of-newcastle/programs/graduate-certificate-in-laboratory-medicine	69	Graduate Certificate in Laboratory Medicine
https://www.wheretoapply.xyz/universities/university-of-newcastle/programs/graduate-certificate-in-marketing-and-digital-strategy	61	Graduate Certificate in Marketing and Digital Strategy
https://www.wheretoapply.xyz/universities/university-of-newcastle/programs/graduate-certificate-in-professional-accounting	70	Graduate Certificate in Professional Accounting
https://www.wheretoapply.xyz/universities/university-of-newcastle/programs/graduate-certificate-in-social-change-and-development	77	Graduate Certificate in Social Change and Development
https://www.wheretoapply.xyz/universities/university-of-newcastle/programs/graduate-certificate-in-sports-analytics	65	Graduate Certificate in Sports Analytics
https://www.wheretoapply.xyz/universities/university-of-newcastle/programs/graduate-diploma-in-laboratory-medicine	57	Graduate Diploma in Laboratory Medicine
https://www.wheretoapply.xyz/universities/university-of-newcastle/programs/graduate-diploma-in-psychological-science	74	Graduate Diploma in Psychological Science
https://www.wheretoapply.xyz/universities/university-of-newcastle/programs/master-of-architecture	75	Master of Architecture
https://www.wheretoapply.xyz/universities/university-of-newcastle/programs/master-of-business-psychology	65	Master of Business Psychology
https://www.wheretoapply.xyz/universities/university-of-newcastle/programs/master-of-clinical-epidemiology	67	Master of Clinical Epidemiology
https://www.wheretoapply.xyz/universities/university-of-newcastle/programs/master-of-clinical-psychology	74	Master of Clinical Psychology
https://www.wheretoapply.xyz/universities/university-of-newcastle/programs/master-of-construction-management-professional	79	Master of Construction Management (Professional)
https://www.wheretoapply.xyz/universities/university-of-newcastle/programs/master-of-disaster-risk-and-resilience	69	Master of Disaster Risk and Resilience
https://www.wheretoapply.xyz/universities/university-of-newcastle/programs/master-of-dispute-resolution	77	Master of Dispute Resolution
https://www.wheretoapply.xyz/universities/university-of-newcastle/programs/master-of-education	68	Master of Education
https://www.wheretoapply.xyz/universities/university-of-newcastle/programs/master-of-environmental-law	73	Master of Environmental Law
https://www.wheretoapply.xyz/universities/university-of-newcastle/programs/master-of-fintech	64	Master of Fintech
https://www.wheretoapply.xyz/universities/university-of-newcastle/programs/master-of-food-science-and-technology	69	Master of Food Science and Technology
https://www.wheretoapply.xyz/universities/university-of-newcastle/programs/master-of-health-economics-management-and-policy	69	Master of Health Economics, Management and Policy
https://www.wheretoapply.xyz/universities/university-of-newcastle/programs/master-of-health-management-and-policy	66	Master of Health Management and Policy
https://www.wheretoapply.xyz/universities/university-of-newcastle/programs/master-of-human-resource-management	66	Master of Human Resource Management
https://www.wheretoapply.xyz/universities/university-of-newcastle/programs/master-of-international-business	64	Master of International Business
https://www.wheretoapply.xyz/universities/university-of-newcastle/programs/master-of-international-sports-business	76	Master of International Sports Business
https://www.wheretoapply.xyz/universities/university-of-newcastle/programs/master-of-laboratory-medicine	77	Master of Laboratory Medicine
https://www.wheretoapply.xyz/universities/university-of-newcastle/programs/master-of-laws	73	Master of Laws
https://www.wheretoapply.xyz/universities/university-of-newcastle/programs/master-of-leadership-and-management-in-education	68	Master of Leadership and Management in Education
https://www.wheretoapply.xyz/universities/university-of-newcastle/programs/master-of-marketing-and-digital-strategy	67	Master of Marketing and Digital Strategy
https://www.wheretoapply.xyz/universities/university-of-newcastle/programs/master-of-materials-science-and-engineering	62	Master of Materials Science and Engineering
https://www.wheretoapply.xyz/universities/university-of-newcastle/programs/master-of-midwifery-studies	67	Master of Midwifery Studies
https://www.wheretoapply.xyz/universities/university-of-newcastle/programs/master-of-professional-engineering-geospatial-engineering-and-surveying	81	Master of Professional Engineering (Geospatial Engineering and Surveying)
https://www.wheretoapply.xyz/universities/university-of-newcastle/programs/master-of-professional-psychology	74	Master of Professional Psychology
https://www.wheretoapply.xyz/universities/university-of-newcastle/programs/master-of-social-change-and-development	71	Master of Social Change and Development
https://www.wheretoapply.xyz/universities/university-of-newcastle/programs/master-of-social-work-qualifying	62	Master of Social Work (Qualifying)
https://www.wheretoapply.xyz/universities/university-of-newcastle/programs/master-of-special-and-inclusive-education	67	Master of Special and Inclusive Education
https://www.wheretoapply.xyz/universities/university-of-newcastle/programs/master-of-sports-analytics	66	Master of Sports Analytics
https://www.wheretoapply.xyz/universities/university-of-notre-dame-australia/programs/bachelor-of-biomedical-science-assured-pathway-to-medicine	80	Bachelor of Biomedical Science (Assured Pathway to Medicine)
https://www.wheretoapply.xyz/universities/university-of-notre-dame-australia/programs/bachelor-of-communications-and-media	78	Bachelor of Communications and Media
https://www.wheretoapply.xyz/universities/university-of-notre-dame-australia/programs/bachelor-of-computer-science	60	Bachelor of Computer Science
https://www.wheretoapply.xyz/universities/university-of-notre-dame-australia/programs/bachelor-of-exercise-and-sport-science	47	Bachelor of Exercise and Sport Science
https://www.wheretoapply.xyz/universities/university-of-notre-dame-australia/programs/bachelor-of-health-and-physical-education-primary-honours	44	Bachelor of Health and Physical Education (Primary) (Honours)
https://www.wheretoapply.xyz/universities/university-of-notre-dame-australia/programs/bachelor-of-health-sciences	68	Bachelor of Health Sciences
https://www.wheretoapply.xyz/universities/university-of-notre-dame-australia/programs/bachelor-of-nursing	74	Bachelor of Nursing
https://www.wheretoapply.xyz/universities/university-of-notre-dame-australia/programs/bachelor-of-occupational-therapy-honours	64	Bachelor of Occupational Therapy (Honours)
https://www.wheretoapply.xyz/universities/university-of-notre-dame-australia/programs/bachelor-of-physiotherapy	44	Bachelor of Physiotherapy
https://www.wheretoapply.xyz/universities/university-of-notre-dame-australia/programs/bachelor-of-primary-education	71	Bachelor of Primary Education
https://www.wheretoapply.xyz/universities/university-of-notre-dame-australia/programs/bachelor-of-science	71	Bachelor of Science
https://www.wheretoapply.xyz/universities/university-of-notre-dame-australia/programs/bachelor-of-secondary-education	64	Bachelor of Secondary Education
https://www.wheretoapply.xyz/universities/university-of-notre-dame-australia/programs/bachelor-of-theology	80	Bachelor of Theology
https://www.wheretoapply.xyz/universities/university-of-notre-dame-australia/programs/doctor-of-counselling	63	Doctor of Counselling
https://www.wheretoapply.xyz/universities/university-of-notre-dame-australia/programs/doctor-of-education	58	Doctor of Education
https://www.wheretoapply.xyz/universities/university-of-notre-dame-australia/programs/doctor-of-health-sciences	45	Doctor of Health Sciences
https://www.wheretoapply.xyz/universities/university-of-notre-dame-australia/programs/doctor-of-nursing	45	Doctor of Nursing
https://www.wheretoapply.xyz/universities/university-of-notre-dame-australia/programs/doctor-of-physiotherapy-research	46	Doctor of Physiotherapy Research
https://www.wheretoapply.xyz/universities/university-of-notre-dame-australia/programs/graduate-certificate-in-business	83	Graduate Certificate in Business
https://www.wheretoapply.xyz/universities/university-of-notre-dame-australia/programs/graduate-certificate-in-computer-science	62	Graduate Certificate in Computer Science
https://www.wheretoapply.xyz/universities/university-of-notre-dame-australia/programs/graduate-certificate-in-medical-sciences	50	Graduate Certificate in Medical Sciences
https://www.wheretoapply.xyz/universities/university-of-notre-dame-australia/programs/graduate-diploma-of-computer-science	45	Graduate Diploma of Computer Science
https://www.wheretoapply.xyz/universities/university-of-notre-dame-australia/programs/graduate-diploma-of-philosophy	77	Graduate Diploma of Philosophy
https://www.wheretoapply.xyz/universities/university-of-notre-dame-australia/programs/master-of-architecture	84	Master of Architecture
https://www.wheretoapply.xyz/universities/university-of-notre-dame-australia/programs/master-of-arts-research	67	Master of Arts (Research)
https://www.wheretoapply.xyz/universities/university-of-notre-dame-australia/programs/master-of-computer-science	58	Master of Computer Science
https://www.wheretoapply.xyz/universities/university-of-notre-dame-australia/programs/master-of-counselling-2-years	75	Master of Counselling (2 years)
https://www.wheretoapply.xyz/universities/university-of-notre-dame-australia/programs/master-of-education-leadership-and-management	70	Master of Education (Leadership and Management)
https://www.wheretoapply.xyz/universities/university-of-notre-dame-australia/programs/master-of-health-sciences	35	Master of Health Sciences
https://www.wheretoapply.xyz/universities/university-of-notre-dame-australia/programs/master-of-laws-coursework	78	Master of Laws (Coursework)
https://www.wheretoapply.xyz/universities/university-of-notre-dame-australia/programs/master-of-medicine-surgery	41	Master of Medicine/Surgery
https://www.wheretoapply.xyz/universities/university-of-notre-dame-australia/programs/master-of-nursing-coursework-and-thesis	48	Master of Nursing (Coursework and Thesis)
https://www.wheretoapply.xyz/universities/university-of-notre-dame-australia/programs/master-of-philosophy-college-of-nursing	46	Master of Philosophy (College of Nursing)
https://www.wheretoapply.xyz/universities/university-of-notre-dame-australia/programs/master-of-physiotherapy	42	Master of Physiotherapy
https://www.wheretoapply.xyz/universities/university-of-notre-dame-australia/programs/master-of-primary-teaching	59	Master of Primary Teaching
https://www.wheretoapply.xyz/universities/university-of-notre-dame-australia/programs/master-of-professional-psychology	59	Master of Professional Psychology
https://www.wheretoapply.xyz/universities/university-of-notre-dame-australia/programs/master-of-science-physiotherapy	52	Master of Science (Physiotherapy)
https://www.wheretoapply.xyz/universities/university-of-notre-dame-australia/programs/master-of-secondary-teaching	53	Master of Secondary Teaching
https://www.wheretoapply.xyz/universities/university-of-notre-dame-australia/programs/master-of-social-work-qualifying	79	Master of Social Work (Qualifying)
https://www.wheretoapply.xyz/universities/university-of-notre-dame-australia/programs/master-of-theology-research	69	Master of Theology (Research)
https://www.wheretoapply.xyz/universities/university-of-queensland/programs/graduate-certificate-in-business-administration	82	Graduate Certificate in Business Administration
https://www.wheretoapply.xyz/universities/university-of-queensland/programs/graduate-certificate-in-commerce	81	Graduate Certificate in Commerce
https://www.wheretoapply.xyz/universities/university-of-queensland/programs/graduate-certificate-in-communication	74	Graduate Certificate in Communication
https://www.wheretoapply.xyz/universities/university-of-queensland/programs/graduate-certificate-in-economics	76	Graduate Certificate in Economics
https://www.wheretoapply.xyz/universities/university-of-queensland/programs/graduate-certificate-in-entrepreneurship-and-innovation	84	Graduate Certificate in Entrepreneurship and Innovation
https://www.wheretoapply.xyz/universities/university-of-queensland/programs/graduate-certificate-in-information-technology	83	Graduate Certificate in Information Technology
https://www.wheretoapply.xyz/universities/university-of-queensland/programs/graduate-certificate-in-interaction-design	80	Graduate Certificate in Interaction Design
https://www.wheretoapply.xyz/universities/university-of-queensland/programs/graduate-certificate-in-international-relations	81	Graduate Certificate in International Relations
https://www.wheretoapply.xyz/universities/university-of-queensland/programs/graduate-certificate-in-mediation-and-conflict-resolution	75	Graduate Certificate in Mediation and Conflict Resolution
https://www.wheretoapply.xyz/universities/university-of-queensland/programs/graduate-certificate-in-molecular-biology	79	Graduate Certificate in Molecular Biology
https://www.wheretoapply.xyz/universities/university-of-queensland/programs/graduate-certificate-in-pharmaceutical-industry-practice	77	Graduate Certificate in Pharmaceutical Industry Practice
https://www.wheretoapply.xyz/universities/university-of-queensland/programs/graduate-certificate-in-urban-planning	79	Graduate Certificate in Urban Planning
https://www.wheretoapply.xyz/universities/university-of-queensland/programs/graduate-certificate-in-writing-editing-and-publishing	81	Graduate Certificate in Writing, Editing and Publishing
https://www.wheretoapply.xyz/universities/university-of-queensland/programs/graduate-diploma-in-bioinformatics	81	Graduate Diploma in Bioinformatics
https://www.wheretoapply.xyz/universities/university-of-queensland/programs/graduate-diploma-in-cyber-security	83	Graduate Diploma in Cyber Security
https://www.wheretoapply.xyz/universities/university-of-queensland/programs/graduate-diploma-in-economics	74	Graduate Diploma in Economics
https://www.wheretoapply.xyz/universities/university-of-queensland/programs/graduate-diploma-in-environmental-health-sciences	79	Graduate Diploma in Environmental Health Sciences
https://www.wheretoapply.xyz/universities/university-of-queensland/programs/graduate-diploma-in-epidemiology	83	Graduate Diploma in Epidemiology
https://www.wheretoapply.xyz/universities/university-of-queensland/programs/graduate-diploma-in-financial-mathematics	75	Graduate Diploma in Financial Mathematics
https://www.wheretoapply.xyz/universities/university-of-queensland/programs/graduate-diploma-in-governance-and-public-policy	78	Graduate Diploma in Governance and Public Policy
https://www.wheretoapply.xyz/universities/university-of-queensland/programs/graduate-diploma-in-information-technology	81	Graduate Diploma in Information Technology
https://www.wheretoapply.xyz/universities/university-of-queensland/programs/graduate-diploma-in-interaction-design	83	Graduate Diploma in Interaction Design
https://www.wheretoapply.xyz/universities/university-of-queensland/programs/graduate-diploma-in-magnetic-resonance-technology	75	Graduate Diploma in Magnetic Resonance Technology
https://www.wheretoapply.xyz/universities/university-of-queensland/programs/graduate-diploma-in-molecular-biology	76	Graduate Diploma in Molecular Biology
https://www.wheretoapply.xyz/universities/university-of-queensland/programs/graduate-diploma-in-science	80	Graduate Diploma in Science
https://www.wheretoapply.xyz/universities/university-of-queensland/programs/graduate-diploma-in-urban-planning	80	Graduate Diploma in Urban Planning
https://www.wheretoapply.xyz/universities/university-of-queensland/programs/master-of-agricultural-science	84	Master of Agricultural Science
https://www.wheretoapply.xyz/universities/university-of-queensland/programs/master-of-applied-linguistics	80	Master of Applied Linguistics
https://www.wheretoapply.xyz/universities/university-of-queensland/programs/master-of-audiology-studies	80	Master of Audiology Studies
https://www.wheretoapply.xyz/universities/university-of-queensland/programs/master-of-bioengineering-professional	83	Master of Bioengineering (Professional)
https://www.wheretoapply.xyz/universities/university-of-queensland/programs/master-of-bioinformatics	77	Master of Bioinformatics
https://www.wheretoapply.xyz/universities/university-of-queensland/programs/master-of-biotechnology-research-extensive	82	Master of Biotechnology Research Extensive
https://www.wheretoapply.xyz/universities/university-of-queensland/programs/master-of-business-psychology	78	Master of Business Psychology
https://www.wheretoapply.xyz/universities/university-of-queensland/programs/master-of-civil-engineering-professional	69	Master of Civil Engineering (Professional)
https://www.wheretoapply.xyz/universities/university-of-queensland/programs/master-of-clinical-neuropsychology-and-clinical-psychology	73	Master of Clinical Neuropsychology and Clinical Psychology
https://www.wheretoapply.xyz/universities/university-of-queensland/programs/master-of-clinical-psychology	84	Master of Clinical Psychology
https://www.wheretoapply.xyz/universities/university-of-queensland/programs/master-of-conservation-biology	79	Master of Conservation Biology
https://www.wheretoapply.xyz/universities/university-of-queensland/programs/master-of-dietetics-studies	77	Master of Dietetics Studies
https://www.wheretoapply.xyz/universities/university-of-queensland/programs/master-of-educational-studies	81	Master of Educational Studies
https://www.wheretoapply.xyz/universities/university-of-queensland/programs/master-of-entrepreneurship-and-innovation	82	Master of Entrepreneurship and Innovation
https://www.wheretoapply.xyz/universities/university-of-queensland/programs/master-of-environmental-health-sciences	77	Master of Environmental Health Sciences
https://www.wheretoapply.xyz/universities/university-of-queensland/programs/master-of-environmental-management	79	Master of Environmental Management
https://www.wheretoapply.xyz/universities/university-of-queensland/programs/master-of-epidemiology	78	Master of Epidemiology
https://www.wheretoapply.xyz/universities/university-of-queensland/programs/master-of-finance-and-investment-management	79	Master of Finance and Investment Management
https://www.wheretoapply.xyz/universities/university-of-queensland/programs/master-of-food-science-and-technology	79	Master of Food Science and Technology
https://www.wheretoapply.xyz/universities/university-of-queensland/programs/master-of-geographic-information-science	84	Master of Geographic Information Science
https://www.wheretoapply.xyz/universities/university-of-queensland/programs/master-of-interaction-design	73	Master of Interaction Design
https://www.wheretoapply.xyz/universities/university-of-queensland/programs/master-of-international-economics-and-finance	84	Master of International Economics and Finance
https://www.wheretoapply.xyz/universities/university-of-queensland/programs/master-of-international-relations	71	Master of International Relations
https://www.wheretoapply.xyz/universities/university-of-queensland/programs/master-of-laws	84	Master of Laws
https://www.wheretoapply.xyz/universities/university-of-queensland/programs/master-of-magnetic-resonance-technology	78	Master of Magnetic Resonance Technology
https://www.wheretoapply.xyz/universities/university-of-queensland/programs/master-of-materials-and-manufacturing-engineering-professional	77	Master of Materials and Manufacturing Engineering (Professional)
https://www.wheretoapply.xyz/universities/university-of-queensland/programs/master-of-mechanical-engineering-professional	78	Master of Mechanical Engineering (Professional)
https://www.wheretoapply.xyz/universities/university-of-queensland/programs/master-of-mental-health	78	Master of Mental Health
https://www.wheretoapply.xyz/universities/university-of-queensland/programs/master-of-molecular-biology	76	Master of Molecular Biology
https://www.wheretoapply.xyz/universities/university-of-queensland/programs/master-of-music	67	Master of Music
https://www.wheretoapply.xyz/universities/university-of-queensland/programs/master-of-occupational-health-and-safety-science	76	Master of Occupational Health and Safety Science
https://www.wheretoapply.xyz/universities/university-of-queensland/programs/master-of-occupational-hygiene	72	Master of Occupational Hygiene
https://www.wheretoapply.xyz/universities/university-of-queensland/programs/master-of-occupational-therapy-studies	73	Master of Occupational Therapy Studies
https://www.wheretoapply.xyz/universities/university-of-queensland/programs/master-of-organisational-psychology	75	Master of Organisational Psychology
https://www.wheretoapply.xyz/universities/university-of-queensland/programs/master-of-peace-and-conflict-studies	78	Master of Peace and Conflict Studies
https://www.wheretoapply.xyz/universities/university-of-queensland/programs/master-of-pharmaceutical-industry-practice	77	Master of Pharmaceutical Industry Practice
https://www.wheretoapply.xyz/universities/university-of-queensland/programs/master-of-physiotherapy	72	Master of Physiotherapy
https://www.wheretoapply.xyz/universities/university-of-queensland/programs/master-of-physiotherapy-studies	75	Master of Physiotherapy Studies
https://www.wheretoapply.xyz/universities/university-of-queensland/programs/master-of-psychology	74	Master of Psychology
https://www.wheretoapply.xyz/universities/university-of-queensland/programs/master-of-quantum-technology	76	Master of Quantum Technology
https://www.wheretoapply.xyz/universities/university-of-queensland/programs/master-of-science	84	Master of Science
https://www.wheretoapply.xyz/universities/university-of-queensland/programs/master-of-speech-pathology-studies	71	Master of Speech Pathology Studies
https://www.wheretoapply.xyz/universities/university-of-queensland/programs/master-of-sustainable-energy	80	Master of Sustainable Energy
https://www.wheretoapply.xyz/universities/university-of-queensland/programs/master-of-tourism-hotel-and-event-management	76	Master of Tourism, Hotel and Event Management
https://www.wheretoapply.xyz/universities/university-of-queensland/programs/master-of-writing-editing-and-publishing	80	Master of Writing, Editing and Publishing
https://www.wheretoapply.xyz/universities/university-of-sydney/programs/bachelor-of-politics-philosophy-and-economics	77	Bachelor of Politics, Philosophy, and Economics
https://www.wheretoapply.xyz/universities/university-of-tasmania/programs/advanced-diploma-of-applied-science-nautical-science	83	Advanced Diploma of Applied Science (Nautical Science)
https://www.wheretoapply.xyz/universities/university-of-tasmania/programs/associate-degree-in-arts	83	Associate Degree in Arts
https://www.wheretoapply.xyz/universities/university-of-tasmania/programs/associate-degree-in-global-logistics-and-maritime-management	83	Associate Degree in Global Logistics and Maritime Management
https://www.wheretoapply.xyz/universities/university-of-tasmania/programs/associate-degree-in-music	80	Associate Degree in Music
https://www.wheretoapply.xyz/universities/university-of-tasmania/programs/bachelor-of-agricultural-science	81	Bachelor of Agricultural Science
https://www.wheretoapply.xyz/universities/university-of-tasmania/programs/bachelor-of-agriculture-and-agribusiness	80	Bachelor of Agriculture and Agribusiness
https://www.wheretoapply.xyz/universities/university-of-tasmania/programs/bachelor-of-agriculture-honours	78	Bachelor of Agriculture (Honours)
https://www.wheretoapply.xyz/universities/university-of-tasmania/programs/bachelor-of-applied-science-marine-engineering	84	Bachelor of Applied Science (Marine Engineering)
https://www.wheretoapply.xyz/universities/university-of-tasmania/programs/bachelor-of-biomedicine	79	Bachelor of Biomedicine
https://www.wheretoapply.xyz/universities/university-of-tasmania/programs/bachelor-of-design	69	Bachelor of Design
https://www.wheretoapply.xyz/universities/university-of-tasmania/programs/bachelor-of-economics	75	Bachelor of Economics
https://www.wheretoapply.xyz/universities/university-of-tasmania/programs/bachelor-of-engineering-specialisation-with-honours	71	Bachelor of Engineering (Specialisation) with Honours
https://www.wheretoapply.xyz/universities/university-of-tasmania/programs/bachelor-of-environmental-design-honours	75	Bachelor of Environmental Design (Honours)
https://www.wheretoapply.xyz/universities/university-of-tasmania/programs/bachelor-of-exercise-and-sport-science	72	Bachelor of Exercise and Sport Science
https://www.wheretoapply.xyz/universities/university-of-tasmania/programs/bachelor-of-fine-arts	70	Bachelor of Fine Arts
https://www.wheretoapply.xyz/universities/university-of-tasmania/programs/bachelor-of-geospatial-science	76	Bachelor of Geospatial Science
https://www.wheretoapply.xyz/universities/university-of-tasmania/programs/bachelor-of-global-logistics-and-maritime-management-with-honours	73	Bachelor of Global Logistics and Maritime Management with Honours
https://www.wheretoapply.xyz/universities/university-of-tasmania/programs/bachelor-of-global-logistics-maritime-management	84	Bachelor of Global Logistics & Maritime Management
https://www.wheretoapply.xyz/universities/university-of-tasmania/programs/bachelor-of-information-and-communication-technology-honours	68	Bachelor of Information and Communication Technology (Honours)
https://www.wheretoapply.xyz/universities/university-of-tasmania/programs/bachelor-of-information-systems	0	Bachelor of Information Systems
https://www.wheretoapply.xyz/universities/university-of-tasmania/programs/bachelor-of-marine-and-antarctic-science-with-honours-specialisation	82	Bachelor of Marine and Antarctic Science with Honours (Specialisation)
https://www.wheretoapply.xyz/universities/university-of-tasmania/programs/bachelor-of-maritime-engineering-specialisation-honours	68	Bachelor of Maritime Engineering (Specialisation) (Honours)
https://www.wheretoapply.xyz/universities/university-of-tasmania/programs/bachelor-of-media-and-communication	83	Bachelor of Media and Communication
https://www.wheretoapply.xyz/universities/university-of-tasmania/programs/bachelor-of-media-and-communication-with-honours	75	Bachelor of Media and Communication with Honours
https://www.wheretoapply.xyz/universities/university-of-tasmania/programs/bachelor-of-medical-research-with-honours	73	Bachelor of Medical Research with Honours
https://www.wheretoapply.xyz/universities/university-of-tasmania/programs/bachelor-of-medical-science-with-honours	76	Bachelor of Medical Science with Honours
https://www.wheretoapply.xyz/universities/university-of-tasmania/programs/bachelor-of-music	79	Bachelor of Music
https://www.wheretoapply.xyz/universities/university-of-tasmania/programs/bachelor-of-pharmacy-honours	80	Bachelor of Pharmacy (Honours)
https://www.wheretoapply.xyz/universities/university-of-tasmania/programs/bachelor-of-pharmacy-with-honours	77	Bachelor of Pharmacy with Honours
https://www.wheretoapply.xyz/universities/university-of-tasmania/programs/bachelor-of-philosophy	76	Bachelor of Philosophy
https://www.wheretoapply.xyz/universities/university-of-tasmania/programs/bachelor-of-psychological-science-with-honours	71	Bachelor of Psychological Science with Honours
https://www.wheretoapply.xyz/universities/university-of-tasmania/programs/bachelor-of-science	77	Bachelor of Science
https://www.wheretoapply.xyz/universities/university-of-tasmania/programs/bachelor-of-social-work-with-honours	78	Bachelor of Social Work with Honours
https://www.wheretoapply.xyz/universities/university-of-tasmania/programs/diploma-of-arts	75	Diploma of Arts
https://www.wheretoapply.xyz/universities/university-of-tasmania/programs/diploma-of-fine-arts	84	Diploma of Fine Arts
https://www.wheretoapply.xyz/universities/university-of-tasmania/programs/diploma-of-global-logistics-and-maritime-management	77	Diploma of Global Logistics and Maritime Management
https://www.wheretoapply.xyz/universities/university-of-tasmania/programs/diploma-of-music	81	Diploma of Music
https://www.wheretoapply.xyz/universities/university-of-tasmania/programs/doctor-of-business-administration	0	Doctor of Business Administration
https://www.wheretoapply.xyz/universities/university-of-tasmania/programs/doctor-of-education	0	Doctor of Education
https://www.wheretoapply.xyz/universities/university-of-tasmania/programs/doctor-of-health	0	Doctor of Health
https://www.wheretoapply.xyz/universities/university-of-tasmania/programs/doctor-of-philosophy-mechanical-engineering	0	Doctor of Philosophy (Mechanical Engineering)
https://www.wheretoapply.xyz/universities/university-of-tasmania/programs/foundation-studies-program-standard	77	Foundation Studies Program (Standard)
https://www.wheretoapply.xyz/universities/university-of-tasmania/programs/graduate-certificate-in-business-studies	0	Graduate Certificate in Business Studies
https://www.wheretoapply.xyz/universities/university-of-tasmania/programs/graduate-certificate-in-global-logistics-and-supply-chain-management	82	Graduate Certificate in Global Logistics and Supply Chain Management
https://www.wheretoapply.xyz/universities/university-of-tasmania/programs/graduate-certificate-in-maritime-engineering	77	Graduate Certificate in Maritime Engineering
https://www.wheretoapply.xyz/universities/university-of-tasmania/programs/graduate-certificate-in-maritime-management	63	Graduate Certificate in Maritime Management
https://www.wheretoapply.xyz/universities/university-of-tasmania/programs/graduate-certificate-in-professional-accounting	69	Graduate Certificate in Professional Accounting
https://www.wheretoapply.xyz/universities/university-of-tasmania/programs/graduate-certificate-in-strategic-communication	0	Graduate Certificate in Strategic Communication
https://www.wheretoapply.xyz/universities/university-of-tasmania/programs/graduate-diploma-of-environmental-geospatial-analysis	69	Graduate Diploma of Environmental Geospatial Analysis
https://www.wheretoapply.xyz/universities/university-of-tasmania/programs/graduate-diploma-of-environmental-planning	73	Graduate Diploma of Environmental Planning
https://www.wheretoapply.xyz/universities/university-of-tasmania/programs/graduate-diploma-of-global-logistics-and-supply-chain-management	74	Graduate Diploma of Global Logistics and Supply Chain Management
https://www.wheretoapply.xyz/universities/university-of-tasmania/programs/graduate-diploma-of-land-surveying	79	Graduate Diploma of Land Surveying
https://www.wheretoapply.xyz/universities/university-of-tasmania/programs/graduate-diploma-of-legal-practice	74	Graduate Diploma of Legal Practice
https://www.wheretoapply.xyz/universities/university-of-tasmania/programs/graduate-diploma-of-marine-and-antarctic-science	81	Graduate Diploma of Marine and Antarctic Science
https://www.wheretoapply.xyz/universities/university-of-tasmania/programs/graduate-diploma-of-maritime-engineering	72	Graduate Diploma of Maritime Engineering
https://www.wheretoapply.xyz/universities/university-of-tasmania/programs/graduate-diploma-of-maritime-management	70	Graduate Diploma of Maritime Management
https://www.wheretoapply.xyz/universities/university-of-tasmania/programs/graduate-diploma-of-pharmaceutical-science	69	Graduate Diploma of Pharmaceutical Science
https://www.wheretoapply.xyz/universities/university-of-tasmania/programs/graduate-diploma-of-professional-accounting	74	Graduate Diploma of Professional Accounting
https://www.wheretoapply.xyz/universities/university-of-tasmania/programs/graduate-diploma-of-protected-area-conservation	71	Graduate Diploma of Protected Area Conservation
https://www.wheretoapply.xyz/universities/university-of-tasmania/programs/graduate-diploma-of-strategic-communication	0	Graduate Diploma of Strategic Communication
https://www.wheretoapply.xyz/universities/university-of-tasmania/programs/master-of-agricultural-science	0	Master of Agricultural Science
https://www.wheretoapply.xyz/universities/university-of-tasmania/programs/master-of-agriculture-and-food-sciences-specialisation	63	Master of Agriculture and Food Sciences (Specialisation)
https://www.wheretoapply.xyz/universities/university-of-tasmania/programs/master-of-applied-science-in-aquaculture	0	Master of Applied Science in Aquaculture
https://www.wheretoapply.xyz/universities/university-of-tasmania/programs/master-of-architecture	72	Master of Architecture
https://www.wheretoapply.xyz/universities/university-of-tasmania/programs/master-of-arts	0	Master of Arts
https://www.wheretoapply.xyz/universities/university-of-tasmania/programs/master-of-biomedical-science	0	Master of Biomedical Science
https://www.wheretoapply.xyz/universities/university-of-tasmania/programs/master-of-business-administration-in-maritime-management	72	Master of Business Administration in Maritime Management
https://www.wheretoapply.xyz/universities/university-of-tasmania/programs/master-of-business-administration-international	0	Master of Business Administration (International)
https://www.wheretoapply.xyz/universities/university-of-tasmania/programs/master-of-chemistry	72	Master of Chemistry
https://www.wheretoapply.xyz/universities/university-of-tasmania/programs/master-of-commerce	0	Master of Commerce
https://www.wheretoapply.xyz/universities/university-of-tasmania/programs/master-of-design	0	Master of Design
https://www.wheretoapply.xyz/universities/university-of-tasmania/programs/master-of-economic-geology-c-w	77	Master of Economic Geology (C/W)
https://www.wheretoapply.xyz/universities/university-of-tasmania/programs/master-of-economics	0	Master of Economics
https://www.wheretoapply.xyz/universities/university-of-tasmania/programs/master-of-education	69	Master of Education
https://www.wheretoapply.xyz/universities/university-of-tasmania/programs/master-of-engineering-science	0	Master of Engineering Science
https://www.wheretoapply.xyz/universities/university-of-tasmania/programs/master-of-environmental-geospatial-science	71	Master of Environmental Geospatial Science
https://www.wheretoapply.xyz/universities/university-of-tasmania/programs/master-of-environmental-studies	0	Master of Environmental Studies
https://www.wheretoapply.xyz/universities/university-of-tasmania/programs/master-of-fine-arts	0	Master of Fine Arts
https://www.wheretoapply.xyz/universities/university-of-tasmania/programs/master-of-global-logistics-and-supply-chain-management	73	Master of Global Logistics and Supply Chain Management
https://www.wheretoapply.xyz/universities/university-of-tasmania/programs/master-of-health-service-management	79	Master of Health Service Management
https://www.wheretoapply.xyz/universities/university-of-tasmania/programs/master-of-laboratory-medicine	60	Master of Laboratory Medicine
https://www.wheretoapply.xyz/universities/university-of-tasmania/programs/master-of-laws	0	Master of Laws
https://www.wheretoapply.xyz/universities/university-of-tasmania/programs/master-of-marine-and-antarctic-science	72	Master of Marine and Antarctic Science
https://www.wheretoapply.xyz/universities/university-of-tasmania/programs/master-of-maritime-engineering-professional	77	Master of Maritime Engineering (Professional)
https://www.wheretoapply.xyz/universities/university-of-tasmania/programs/master-of-medical-science	0	Master of Medical Science
https://www.wheretoapply.xyz/universities/university-of-tasmania/programs/master-of-music	0	Master of Music
https://www.wheretoapply.xyz/universities/university-of-tasmania/programs/master-of-nursing	0	Master of Nursing
https://www.wheretoapply.xyz/universities/university-of-tasmania/programs/master-of-occupational-therapy	69	Master of Occupational Therapy
https://www.wheretoapply.xyz/universities/university-of-tasmania/programs/master-of-pharmaceutical-science	67	Master of Pharmaceutical Science
https://www.wheretoapply.xyz/universities/university-of-tasmania/programs/master-of-pharmacy	0	Master of Pharmacy
https://www.wheretoapply.xyz/universities/university-of-tasmania/programs/master-of-philosophy-maritime-engineering	0	Master of Philosophy (Maritime Engineering)
https://www.wheretoapply.xyz/universities/university-of-tasmania/programs/master-of-physiotherapy	66	Master of Physiotherapy
https://www.wheretoapply.xyz/universities/university-of-tasmania/programs/master-of-planning	73	Master of Planning
https://www.wheretoapply.xyz/universities/university-of-tasmania/programs/master-of-professional-accounting	69	Master of Professional Accounting
https://www.wheretoapply.xyz/universities/university-of-tasmania/programs/master-of-professional-engineering-specialisation	0	Master of Professional Engineering (Specialisation)
https://www.wheretoapply.xyz/universities/university-of-tasmania/programs/master-of-professional-psychology	63	Master of Professional Psychology
https://www.wheretoapply.xyz/universities/university-of-tasmania/programs/master-of-psychology-clinical-coursework	63	Master of Psychology (Clinical)(Coursework)
https://www.wheretoapply.xyz/universities/university-of-tasmania/programs/master-of-public-health	72	Master of Public Health
https://www.wheretoapply.xyz/universities/university-of-tasmania/programs/master-of-science-computing	0	Master of Science (Computing)
https://www.wheretoapply.xyz/universities/university-of-tasmania/programs/master-of-social-work	0	Master of Social Work
https://www.wheretoapply.xyz/universities/university-of-tasmania/programs/master-of-speech-pathology	72	Master of Speech Pathology
https://www.wheretoapply.xyz/universities/university-of-tasmania/programs/master-of-teaching	72	Master of Teaching
https://www.wheretoapply.xyz/universities/university-of-tasmania/programs/university-pathway-program-fast-track	0	University Pathway Program - Fast Track
https://www.wheretoapply.xyz/universities/university-of-technology-sydney/programs/bachelor-of-communication-in-creative-writing	84	Bachelor of Communication in Creative Writing
https://www.wheretoapply.xyz/universities/university-of-technology-sydney/programs/bachelor-of-communication-in-media-business	82	Bachelor of Communication in Media Business
https://www.wheretoapply.xyz/universities/university-of-technology-sydney/programs/bachelor-of-computing-science-honours	74	Bachelor of Computing Science (Honours)
https://www.wheretoapply.xyz/universities/university-of-technology-sydney/programs/bachelor-of-creative-intelligence-and-innovation-honours	80	Bachelor of Creative Intelligence and Innovation (Honours)
https://www.wheretoapply.xyz/universities/university-of-technology-sydney/programs/bachelor-of-criminology	82	Bachelor of Criminology
https://www.wheretoapply.xyz/universities/university-of-technology-sydney/programs/bachelor-of-design-honours	67	Bachelor of Design (Honours)
https://www.wheretoapply.xyz/universities/university-of-technology-sydney/programs/bachelor-of-design-in-fashion-and-textiles	78	Bachelor of Design in Fashion and Textiles
https://www.wheretoapply.xyz/universities/university-of-technology-sydney/programs/bachelor-of-design-in-product-design	78	Bachelor of Design in Product Design
https://www.wheretoapply.xyz/universities/university-of-technology-sydney/programs/bachelor-of-economics	68	Bachelor of Economics
https://www.wheretoapply.xyz/universities/university-of-technology-sydney/programs/bachelor-of-environmental-biology	84	Bachelor of Environmental Biology
https://www.wheretoapply.xyz/universities/university-of-technology-sydney/programs/bachelor-of-fashion-business	65	Bachelor of Fashion Business
https://www.wheretoapply.xyz/universities/university-of-technology-sydney/programs/bachelor-of-food-science-and-technology	79	Bachelor of Food Science and Technology
https://www.wheretoapply.xyz/universities/university-of-technology-sydney/programs/bachelor-of-information-systems	81	Bachelor of Information Systems
https://www.wheretoapply.xyz/universities/university-of-technology-sydney/programs/bachelor-of-information-technology	80	Bachelor of Information Technology
https://www.wheretoapply.xyz/universities/university-of-technology-sydney/programs/bachelor-of-information-technology-diploma-in-information-technology-professional-practice	75	Bachelor of Information Technology Diploma in Information Technology Professional Practice
https://www.wheretoapply.xyz/universities/university-of-technology-sydney/programs/bachelor-of-mathematical-sciences	82	Bachelor of Mathematical Sciences
https://www.wheretoapply.xyz/universities/university-of-technology-sydney/programs/bachelor-of-psychological-science-honours	76	Bachelor of Psychological Science (Honours)
https://www.wheretoapply.xyz/universities/university-of-technology-sydney/programs/bachelor-of-psychology-honours	81	Bachelor of Psychology (Honours)
https://www.wheretoapply.xyz/universities/university-of-technology-sydney/programs/graduate-certificate-in-engineering-studies	75	Graduate Certificate in Engineering Studies
https://www.wheretoapply.xyz/universities/university-of-technology-sydney/programs/graduate-certificate-in-information-technology-studies	80	Graduate Certificate in Information Technology Studies
https://www.wheretoapply.xyz/universities/university-of-technology-sydney/programs/graduate-certificate-in-science	78	Graduate Certificate in Science
https://www.wheretoapply.xyz/universities/university-of-technology-sydney/programs/graduate-diploma-in-artificial-intelligence	72	Graduate Diploma in Artificial Intelligence
https://www.wheretoapply.xyz/universities/university-of-technology-sydney/programs/graduate-diploma-in-management	81	Graduate Diploma in Management
https://www.wheretoapply.xyz/universities/university-of-technology-sydney/programs/graduate-diploma-in-sport-management	82	Graduate Diploma in Sport Management
https://www.wheretoapply.xyz/universities/university-of-technology-sydney/programs/graduate-diploma-in-strategic-supply-chain-management	84	Graduate Diploma in Strategic Supply Chain Management
https://www.wheretoapply.xyz/universities/university-of-technology-sydney/programs/master-of-artificial-intelligence	83	Master of Artificial Intelligence
https://www.wheretoapply.xyz/universities/university-of-technology-sydney/programs/master-of-clinical-psychology	75	Master of Clinical Psychology
https://www.wheretoapply.xyz/universities/university-of-technology-sydney/programs/master-of-cybersecurity-extension	82	Master of Cybersecurity (Extension)
https://www.wheretoapply.xyz/universities/university-of-technology-sydney/programs/master-of-data-science-and-innovation	83	Master of Data Science and Innovation
https://www.wheretoapply.xyz/universities/university-of-technology-sydney/programs/master-of-interaction-design-extension	81	Master of Interaction Design (Extension)
https://www.wheretoapply.xyz/universities/university-of-technology-sydney/programs/master-of-medical-biotechnology-extension	72	Master of Medical Biotechnology (Extension)
https://www.wheretoapply.xyz/universities/university-of-technology-sydney/programs/master-of-philosophy-in-science	79	Master of Philosophy in Science
https://www.wheretoapply.xyz/universities/university-of-technology-sydney/programs/master-of-planning	82	Master of Planning
https://www.wheretoapply.xyz/universities/university-of-technology-sydney/programs/master-of-professional-engineering	84	Master of Professional Engineering
https://www.wheretoapply.xyz/universities/university-of-technology-sydney/programs/master-of-strategic-communication	84	Master of Strategic Communication
https://www.wheretoapply.xyz/universities/university-of-the-sunshine-coast/programs/associate-degree-in-business	26	Associate Degree in Business
https://www.wheretoapply.xyz/universities/university-of-the-sunshine-coast/programs/bachelor-of-animal-ecology	29	Bachelor of Animal Ecology
https://www.wheretoapply.xyz/universities/university-of-the-sunshine-coast/programs/bachelor-of-arts	36	Bachelor of Arts
https://www.wheretoapply.xyz/universities/university-of-the-sunshine-coast/programs/bachelor-of-behavioural-science-psychology	75	Bachelor of Behavioural Science (Psychology)
https://www.wheretoapply.xyz/universities/university-of-the-sunshine-coast/programs/bachelor-of-biomedical-science	48	Bachelor of Biomedical Science
https://www.wheretoapply.xyz/universities/university-of-the-sunshine-coast/programs/bachelor-of-business	27	Bachelor of Business
https://www.wheretoapply.xyz/universities/university-of-the-sunshine-coast/programs/bachelor-of-communication	34	Bachelor of Communication
https://www.wheretoapply.xyz/universities/university-of-the-sunshine-coast/programs/bachelor-of-computer-science	32	Bachelor of Computer Science
https://www.wheretoapply.xyz/universities/university-of-the-sunshine-coast/programs/bachelor-of-counselling	81	Bachelor of Counselling
https://www.wheretoapply.xyz/universities/university-of-the-sunshine-coast/programs/bachelor-of-creative-industries	56	Bachelor of Creative Industries
https://www.wheretoapply.xyz/universities/university-of-the-sunshine-coast/programs/bachelor-of-criminology-and-justice	36	Bachelor of Criminology and Justice
https://www.wheretoapply.xyz/universities/university-of-the-sunshine-coast/programs/bachelor-of-design	54	Bachelor of Design
https://www.wheretoapply.xyz/universities/university-of-the-sunshine-coast/programs/bachelor-of-education-primary	17	Bachelor of Education (Primary)
https://www.wheretoapply.xyz/universities/university-of-the-sunshine-coast/programs/bachelor-of-engineering-electrical-and-electronic-honours	30	Bachelor of Engineering (Electrical and Electronic)(Honours)
https://www.wheretoapply.xyz/universities/university-of-the-sunshine-coast/programs/bachelor-of-engineering-honours-civil-engineering	30	Bachelor of Engineering (Honours) - Civil Engineering
https://www.wheretoapply.xyz/universities/university-of-the-sunshine-coast/programs/bachelor-of-environmental-management	30	Bachelor of Environmental Management
https://www.wheretoapply.xyz/universities/university-of-the-sunshine-coast/programs/bachelor-of-environmental-science	20	Bachelor of Environmental Science
https://www.wheretoapply.xyz/universities/university-of-the-sunshine-coast/programs/bachelor-of-health-science	35	Bachelor of Health Science
https://www.wheretoapply.xyz/universities/university-of-the-sunshine-coast/programs/bachelor-of-human-services	29	Bachelor of Human Services
https://www.wheretoapply.xyz/universities/university-of-the-sunshine-coast/programs/bachelor-of-information-and-communications-technology	28	Bachelor of Information and Communications Technology
https://www.wheretoapply.xyz/universities/university-of-the-sunshine-coast/programs/bachelor-of-international-sport-management	71	Bachelor of International Sport Management
https://www.wheretoapply.xyz/universities/university-of-the-sunshine-coast/programs/bachelor-of-music	25	Bachelor of Music
https://www.wheretoapply.xyz/universities/university-of-the-sunshine-coast/programs/bachelor-of-nutrition	24	Bachelor of Nutrition
https://www.wheretoapply.xyz/universities/university-of-the-sunshine-coast/programs/bachelor-of-occupational-therapy-honours	46	Bachelor of Occupational Therapy (Honours)
https://www.wheretoapply.xyz/universities/university-of-the-sunshine-coast/programs/bachelor-of-physiotherapy-honours	29	Bachelor of Physiotherapy (Honours)
https://www.wheretoapply.xyz/universities/university-of-the-sunshine-coast/programs/bachelor-of-primary-education	17	Bachelor of Primary Education
https://www.wheretoapply.xyz/universities/university-of-the-sunshine-coast/programs/bachelor-of-prosthetics-and-orthotics	83	Bachelor of Prosthetics and Orthotics
https://www.wheretoapply.xyz/universities/university-of-the-sunshine-coast/programs/bachelor-of-psychology-honours	24	Bachelor of Psychology (Honours)
https://www.wheretoapply.xyz/universities/university-of-the-sunshine-coast/programs/bachelor-of-recreation-and-outdoor-environmental-studies	26	Bachelor of Recreation and Outdoor Environmental Studies
https://www.wheretoapply.xyz/universities/university-of-the-sunshine-coast/programs/bachelor-of-science	48	Bachelor of Science
https://www.wheretoapply.xyz/universities/university-of-the-sunshine-coast/programs/bachelor-of-social-work	12	Bachelor of Social Work
https://www.wheretoapply.xyz/universities/university-of-the-sunshine-coast/programs/bachelor-of-sport-and-exercise-science	22	Bachelor of Sport and Exercise Science
https://www.wheretoapply.xyz/universities/university-of-the-sunshine-coast/programs/bachelor-of-sports-studies	33	Bachelor of Sports Studies
https://www.wheretoapply.xyz/universities/university-of-the-sunshine-coast/programs/bachelor-of-urban-design-and-town-planning-honours	24	Bachelor of Urban Design and Town Planning (Honours)
https://www.wheretoapply.xyz/universities/university-of-the-sunshine-coast/programs/diploma-in-business	16	Diploma in Business
https://www.wheretoapply.xyz/universities/university-of-the-sunshine-coast/programs/diploma-in-business-innovation	23	Diploma in Business Innovation
https://www.wheretoapply.xyz/universities/university-of-the-sunshine-coast/programs/diploma-in-communication	61	Diploma in Communication
https://www.wheretoapply.xyz/universities/university-of-the-sunshine-coast/programs/diploma-in-criminology-and-justice	67	Diploma in Criminology and Justice
https://www.wheretoapply.xyz/universities/university-of-the-sunshine-coast/programs/diploma-in-general-studies	18	Diploma in General Studies
https://www.wheretoapply.xyz/universities/university-of-the-sunshine-coast/programs/diploma-in-international-sport-management	72	Diploma in International Sport Management
https://www.wheretoapply.xyz/universities/university-of-the-sunshine-coast/programs/diploma-in-outdoor-environmental-studies	11	Diploma in Outdoor Environmental Studies
https://www.wheretoapply.xyz/universities/university-of-the-sunshine-coast/programs/diploma-in-social-sciences	65	Diploma in Social Sciences
https://www.wheretoapply.xyz/universities/university-of-the-sunshine-coast/programs/doctor-of-philosophy	65	Doctor of Philosophy
https://www.wheretoapply.xyz/universities/university-of-the-sunshine-coast/programs/graduate-certificate-in-business-administration	67	Graduate Certificate in Business Administration
https://www.wheretoapply.xyz/universities/university-of-the-sunshine-coast/programs/graduate-certificate-in-business-research	44	Graduate Certificate in Business Research
https://www.wheretoapply.xyz/universities/university-of-the-sunshine-coast/programs/graduate-certificate-in-education	50	Graduate Certificate in Education
https://www.wheretoapply.xyz/universities/university-of-the-sunshine-coast/programs/graduate-certificate-in-education-research	60	Graduate Certificate in Education Research
https://www.wheretoapply.xyz/universities/university-of-the-sunshine-coast/programs/graduate-certificate-in-management	39	Graduate Certificate in Management
https://www.wheretoapply.xyz/universities/university-of-the-sunshine-coast/programs/graduate-diploma-in-business-administration	63	Graduate Diploma in Business Administration
https://www.wheretoapply.xyz/universities/university-of-the-sunshine-coast/programs/master-of-arts	54	Master of Arts
https://www.wheretoapply.xyz/universities/university-of-the-sunshine-coast/programs/master-of-business-administration	26	Master of Business Administration
https://www.wheretoapply.xyz/universities/university-of-the-sunshine-coast/programs/master-of-business-by-research	59	Master of Business by Research
https://www.wheretoapply.xyz/universities/university-of-the-sunshine-coast/programs/master-of-business-intelligence-and-analytics	77	Master of Business Intelligence and Analytics
https://www.wheretoapply.xyz/universities/university-of-the-sunshine-coast/programs/master-of-civil-engineering	42	Master of Civil Engineering
https://www.wheretoapply.xyz/universities/university-of-the-sunshine-coast/programs/master-of-climate-change-adaptation-by-research	48	Master of Climate Change Adaptation by Research
https://www.wheretoapply.xyz/universities/university-of-the-sunshine-coast/programs/master-of-creative-arts	42	Master of Creative Arts
https://www.wheretoapply.xyz/universities/university-of-the-sunshine-coast/programs/master-of-cyber-security-and-forensics	78	Master of Cyber Security and Forensics
https://www.wheretoapply.xyz/universities/university-of-the-sunshine-coast/programs/master-of-dietetics-sports-nutrition	45	Master of Dietetics (Sports Nutrition)
https://www.wheretoapply.xyz/universities/university-of-the-sunshine-coast/programs/master-of-education	30	Master of Education
https://www.wheretoapply.xyz/universities/university-of-the-sunshine-coast/programs/master-of-education-by-research	70	Master of Education by Research
https://www.wheretoapply.xyz/universities/university-of-the-sunshine-coast/programs/master-of-engineering-professional	46	Master of Engineering (Professional)
https://www.wheretoapply.xyz/universities/university-of-the-sunshine-coast/programs/master-of-engineering-project-management	40	Master of Engineering Project Management
https://www.wheretoapply.xyz/universities/university-of-the-sunshine-coast/programs/master-of-health-promotion	26	Master of Health Promotion
https://www.wheretoapply.xyz/universities/university-of-the-sunshine-coast/programs/master-of-information-and-communications-technology	60	Master of Information and Communications Technology
https://www.wheretoapply.xyz/universities/university-of-the-sunshine-coast/programs/master-of-international-business	26	Master of International Business
https://www.wheretoapply.xyz/universities/university-of-the-sunshine-coast/programs/master-of-management	18	Master of Management
https://www.wheretoapply.xyz/universities/university-of-the-sunshine-coast/programs/master-of-mechanical-engineering	35	Master of Mechanical Engineering
https://www.wheretoapply.xyz/universities/university-of-the-sunshine-coast/programs/master-of-nursing-clinical-leadership	14	Master of Nursing (Clinical Leadership)
https://www.wheretoapply.xyz/universities/university-of-the-sunshine-coast/programs/master-of-professional-accounting	53	Master of Professional Accounting
https://www.wheretoapply.xyz/universities/university-of-the-sunshine-coast/programs/master-of-professional-psychology	25	Master of Professional Psychology
https://www.wheretoapply.xyz/universities/university-of-the-sunshine-coast/programs/master-of-psychology-clinical	72	Master of Psychology (Clinical)
https://www.wheretoapply.xyz/universities/university-of-the-sunshine-coast/programs/master-of-renewable-energy-engineering	48	Master of Renewable Energy Engineering
https://www.wheretoapply.xyz/universities/university-of-the-sunshine-coast/programs/master-of-science	14	Master of Science
https://www.wheretoapply.xyz/universities/university-of-the-sunshine-coast/programs/master-of-social-work-by-research	65	Master of Social Work by Research
https://www.wheretoapply.xyz/universities/university-of-the-sunshine-coast/programs/master-of-social-work-qualifying	45	Master of Social Work (Qualifying)
https://www.wheretoapply.xyz/universities/university-of-the-sunshine-coast/programs/master-of-sports-nutrition-by-research	63	Master of Sports Nutrition by Research
https://www.wheretoapply.xyz/universities/university-of-the-sunshine-coast/programs/master-of-teaching-secondary	53	Master of Teaching (Secondary)
https://www.wheretoapply.xyz/universities/university-of-the-sunshine-coast/programs/undergraduate-certificate-in-animal-ecology	47	Undergraduate Certificate in Animal Ecology
https://www.wheretoapply.xyz/universities/university-of-western-australia/programs/bachelor-of-biomedical-science	77	Bachelor of Biomedical Science
https://www.wheretoapply.xyz/universities/university-of-western-australia/programs/bachelor-of-biomedicine-specialised	64	Bachelor of Biomedicine (Specialised)
https://www.wheretoapply.xyz/universities/university-of-western-australia/programs/bachelor-of-business	69	Bachelor of Business
https://www.wheretoapply.xyz/universities/university-of-western-australia/programs/bachelor-of-earth-science	70	Bachelor of Earth Science
https://www.wheretoapply.xyz/universities/university-of-western-australia/programs/bachelor-of-economics	79	Bachelor of Economics
https://www.wheretoapply.xyz/universities/university-of-western-australia/programs/bachelor-of-environmental-design	70	Bachelor of Environmental Design
https://www.wheretoapply.xyz/universities/university-of-western-australia/programs/bachelor-of-hospitality-management	70	Bachelor of Hospitality Management
https://www.wheretoapply.xyz/universities/university-of-western-australia/programs/bachelor-of-landscape-architecture-honours	78	Bachelor of Landscape Architecture (Honours)
https://www.wheretoapply.xyz/universities/university-of-western-australia/programs/bachelor-of-music	61	Bachelor of Music
https://www.wheretoapply.xyz/universities/university-of-western-australia/programs/bachelor-of-psychology	68	Bachelor of Psychology
https://www.wheretoapply.xyz/universities/university-of-western-australia/programs/bachelor-of-social-work-honours	69	Bachelor of Social Work (Honours)
https://www.wheretoapply.xyz/universities/university-of-western-australia/programs/bachelor-of-sport-and-exercise-sciences	76	Bachelor of Sport and Exercise Sciences
https://www.wheretoapply.xyz/universities/university-of-western-australia/programs/diploma-in-commerce-12-months	81	Diploma in Commerce - 12 months
https://www.wheretoapply.xyz/universities/university-of-western-australia/programs/diploma-in-commerce-8-months	84	Diploma in Commerce - 8 months
https://www.wheretoapply.xyz/universities/university-of-western-australia/programs/diploma-in-computer-and-data-science-12-months	76	Diploma in Computer and Data Science - 12 months
https://www.wheretoapply.xyz/universities/university-of-western-australia/programs/diploma-in-computer-and-data-science-8-months	60	Diploma in Computer and Data Science 8 Months
https://www.wheretoapply.xyz/universities/university-of-western-australia/programs/doctor-of-architecture-design	62	Doctor of Architecture (Design)
https://www.wheretoapply.xyz/universities/university-of-western-australia/programs/graduate-certificate-in-forensic-anthropology	67	Graduate Certificate in Forensic Anthropology
https://www.wheretoapply.xyz/universities/university-of-western-australia/programs/graduate-certificate-in-health-professional-education	76	Graduate Certificate in Health Professional Education
https://www.wheretoapply.xyz/universities/university-of-western-australia/programs/graduate-certificate-in-population-health-studies	74	Graduate Certificate in Population Health Studies
https://www.wheretoapply.xyz/universities/university-of-western-australia/programs/graduate-certificate-in-public-policy	72	Graduate Certificate in Public Policy
https://www.wheretoapply.xyz/universities/university-of-western-australia/programs/graduate-certificate-in-rural-and-remote-medicine	55	Graduate Certificate in Rural and Remote Medicine
https://www.wheretoapply.xyz/universities/university-of-western-australia/programs/graduate-certificate-in-social-policy-practice	56	Graduate Certificate in Social Policy Practice
https://www.wheretoapply.xyz/universities/university-of-western-australia/programs/graduate-certificate-in-studies	76	Graduate Certificate in Studies
https://www.wheretoapply.xyz/universities/university-of-western-australia/programs/graduate-certificate-in-urban-design	65	Graduate Certificate in Urban Design
https://www.wheretoapply.xyz/universities/university-of-western-australia/programs/graduate-diploma-in-building-information-modelling	69	Graduate Diploma in Building Information Modelling
https://www.wheretoapply.xyz/universities/university-of-western-australia/programs/graduate-diploma-in-commerce-chartered-accounting	57	Graduate Diploma in Commerce (Chartered Accounting)
https://www.wheretoapply.xyz/universities/university-of-western-australia/programs/graduate-diploma-in-health-professions-education	76	Graduate Diploma in Health Professions Education
https://www.wheretoapply.xyz/universities/university-of-western-australia/programs/graduate-diploma-in-infectious-diseases	69	Graduate Diploma in Infectious Diseases
https://www.wheretoapply.xyz/universities/university-of-western-australia/programs/graduate-diploma-in-ocean-technology-and-engineering	59	Graduate Diploma in Ocean Technology and Engineering
https://www.wheretoapply.xyz/universities/university-of-western-australia/programs/graduate-diploma-in-urban-design	65	Graduate Diploma in Urban Design
https://www.wheretoapply.xyz/universities/university-of-western-australia/programs/master-of-advanced-social-work-research	71	Master of Advanced Social Work (Research)
https://www.wheretoapply.xyz/universities/university-of-western-australia/programs/master-of-agricultural-science	75	Master of Agricultural Science
https://www.wheretoapply.xyz/universities/university-of-western-australia/programs/master-of-architecture-design-research	68	Master of Architecture (Design) (research)
https://www.wheretoapply.xyz/universities/university-of-western-australia/programs/master-of-clinical-audiology	72	Master of Clinical Audiology
https://www.wheretoapply.xyz/universities/university-of-western-australia/programs/master-of-commerce-articulation-coursework	76	Master of Commerce - Articulation (Coursework)
https://www.wheretoapply.xyz/universities/university-of-western-australia/programs/master-of-curatorial-studies-in-fine-arts-research	77	Master of Curatorial Studies in Fine Arts (research)
https://www.wheretoapply.xyz/universities/university-of-western-australia/programs/master-of-fine-arts-research	77	Master of Fine Arts (research)
https://www.wheretoapply.xyz/universities/university-of-western-australia/programs/master-of-landscape-architecture	82	Master of Landscape Architecture
https://www.wheretoapply.xyz/universities/university-of-western-australia/programs/master-of-law-policy-and-government	77	Master of Law Policy and Government
https://www.wheretoapply.xyz/universities/university-of-western-australia/programs/master-of-laws	83	Master of Laws
https://www.wheretoapply.xyz/universities/university-of-western-australia/programs/master-of-medical-physics-coursework-and-dissertation	66	Master of Medical Physics (coursework and dissertation)
https://www.wheretoapply.xyz/universities/university-of-western-australia/programs/master-of-music-research	73	Master of Music (Research)
https://www.wheretoapply.xyz/universities/university-of-western-australia/programs/master-of-pathology-thesis-and-coursework	59	Master of Pathology (Thesis and Coursework)
https://www.wheretoapply.xyz/universities/university-of-western-australia/programs/master-of-rural-and-remote-medicine-thesis-and-coursework	55	Master of Rural and Remote Medicine (Thesis and Coursework)
https://www.wheretoapply.xyz/universities/university-of-western-australia/programs/master-of-social-work-coursework	72	Master of Social Work (Coursework)
https://www.wheretoapply.xyz/universities/university-of-western-australia/programs/master-of-studies	82	Master of Studies
https://www.wheretoapply.xyz/universities/university-of-western-australia/programs/master-of-urban-design	64	Master of Urban Design
https://www.wheretoapply.xyz/universities/university-of-western-australia/programs/uwa-foundation-program-8-months	68	UWA Foundation Program - 8 months
https://www.wheretoapply.xyz/universities/university-of-wollongong/programs/bachelor-of-commerce	83	Bachelor of Commerce
https://www.wheretoapply.xyz/universities/university-of-wollongong/programs/bachelor-of-criminology	80	Bachelor of Criminology
https://www.wheretoapply.xyz/universities/university-of-wollongong/programs/bachelor-of-economics-and-finance	77	Bachelor of Economics and Finance
https://www.wheretoapply.xyz/universities/university-of-wollongong/programs/bachelor-of-engineering-technology	78	Bachelor of Engineering Technology
https://www.wheretoapply.xyz/universities/university-of-wollongong/programs/bachelor-of-exercise-science	78	Bachelor of Exercise Science
https://www.wheretoapply.xyz/universities/university-of-wollongong/programs/bachelor-of-nutrition-and-dietetics-honours	84	Bachelor of Nutrition and Dietetics (Honours)
https://www.wheretoapply.xyz/universities/university-of-wollongong/programs/bachelor-of-nutrition-science	84	Bachelor of Nutrition Science
https://www.wheretoapply.xyz/universities/university-of-wollongong/programs/bachelor-of-primary-education	82	Bachelor of Primary Education
https://www.wheretoapply.xyz/universities/university-of-wollongong/programs/bachelor-of-professional-accounting	82	Bachelor of Professional Accounting
https://www.wheretoapply.xyz/universities/university-of-wollongong/programs/bachelor-of-social-science	78	Bachelor of Social Science
https://www.wheretoapply.xyz/universities/university-of-wollongong/programs/graduate-certificate-in-international-relations	75	Graduate Certificate in International Relations
https://www.wheretoapply.xyz/universities/university-of-wollongong/programs/graduate-certificate-in-law-of-the-sea	82	Graduate Certificate in Law of the Sea
https://www.wheretoapply.xyz/universities/university-of-wollongong/programs/graduate-certificate-in-professional-accounting	84	Graduate Certificate in Professional Accounting
https://www.wheretoapply.xyz/universities/university-of-wollongong/programs/master-of-business	84	Master of Business
https://www.wheretoapply.xyz/universities/university-of-wollongong/programs/master-of-earth-and-environmental-sciences	83	Master of Earth and Environmental Sciences
https://www.wheretoapply.xyz/universities/university-of-wollongong/programs/master-of-education	77	Master of Education
https://www.wheretoapply.xyz/universities/university-of-wollongong/programs/master-of-engineering	80	Master of Engineering
https://www.wheretoapply.xyz/universities/university-of-wollongong/programs/master-of-medical-biotechnology	77	Master of Medical Biotechnology
https://www.wheretoapply.xyz/universities/university-of-wollongong/programs/master-of-medicinal-chemistry	84	Master of Medicinal Chemistry
https://www.wheretoapply.xyz/universities/university-of-wollongong/programs/master-of-occupational-health-and-safety-extension	81	Master of Occupational Health and Safety Extension
https://www.wheretoapply.xyz/universities/university-of-wollongong/programs/master-of-occupational-hygiene	79	Master of Occupational Hygiene
https://www.wheretoapply.xyz/universities/university-of-wollongong/programs/master-of-professional-accounting-advanced	79	Master of Professional Accounting Advanced
https://www.wheretoapply.xyz/universities/university-of-wollongong/programs/master-of-professional-psychology	76	Master of Professional Psychology
https://www.wheretoapply.xyz/universities/university-of-wollongong/programs/master-of-supply-chain-management	83	Master of Supply Chain Management
https://www.wheretoapply.xyz/universities/victoria-university/programs/advanced-diploma-of-hospitality-management	78	Advanced Diploma of Hospitality Management
https://www.wheretoapply.xyz/universities/victoria-university/programs/bachelor-of-human-nutrition	77	Bachelor of Human Nutrition
https://www.wheretoapply.xyz/universities/victoria-university/programs/bachelor-of-paramedicine	78	Bachelor of Paramedicine
https://www.wheretoapply.xyz/universities/victoria-university/programs/bachelor-of-physical-education-and-sport-science	83	Bachelor of Physical Education and Sport Science
https://www.wheretoapply.xyz/universities/victoria-university/programs/bachelor-of-science-honours-biomedical-science	77	Bachelor of Science (Honours) (Biomedical Science)
https://www.wheretoapply.xyz/universities/victoria-university/programs/diploma-of-cyber-security	70	Diploma of Cyber Security
https://www.wheretoapply.xyz/universities/victoria-university/programs/diploma-of-hospitality-management	80	Diploma of Hospitality Management
https://www.wheretoapply.xyz/universities/victoria-university/programs/graduate-diploma-in-cyber-security	83	Graduate Diploma in Cyber Security
https://www.wheretoapply.xyz/universities/victoria-university/programs/master-of-professional-accounting	72	Master of Professional Accounting
https://www.wheretoapply.xyz/universities/victoria-university/programs/undergraduate-certificate-in-early-childhood-education	84	Undergraduate Certificate in Early Childhood Education
https://www.wheretoapply.xyz/universities/western-sydney-university/programs/bachelor-of-data-science	76	Bachelor of Data Science
https://www.wheretoapply.xyz/universities/western-sydney-university/programs/bachelor-of-mathematics	83	Bachelor of Mathematics
https://www.wheretoapply.xyz/universities/western-sydney-university/programs/graduate-certificate-in-interpreting-and-translation	55	Graduate Certificate in Interpreting and Translation
https://www.wheretoapply.xyz/universities/western-sydney-university/programs/graduate-certificate-in-nursing-professional-studies-exit-only	70	Graduate Certificate in Nursing (Professional Studies) exit only
https://www.wheretoapply.xyz/universities/western-sydney-university/programs/graduate-certificate-in-tesol	62	Graduate Certificate in TESOL
https://www.wheretoapply.xyz/universities/western-sydney-university/programs/graduate-certificate-in-urban-management-and-planning-exit-only	68	Graduate Certificate in Urban Management and Planning - exit only
https://www.wheretoapply.xyz/universities/western-sydney-university/programs/graduate-diploma-in-health-service-management	67	Graduate Diploma in Health Service Management
https://www.wheretoapply.xyz/universities/western-sydney-university/programs/graduate-diploma-in-occupational-health-and-safety	68	Graduate Diploma in Occupational Health and Safety
https://www.wheretoapply.xyz/universities/western-sydney-university/programs/graduate-diploma-in-project-management	78	Graduate Diploma in Project Management
https://www.wheretoapply.xyz/universities/western-sydney-university/programs/graduate-diploma-in-sustainable-tourism-hospitality-and-event-management-exit-only	79	Graduate Diploma in Sustainable Tourism, Hospitality and Event Management (exit only)
https://www.wheretoapply.xyz/universities/western-sydney-university/programs/master-of-clinical-psychology	81	Master of Clinical Psychology
https://www.wheretoapply.xyz/universities/western-sydney-university/programs/master-of-professional-psychology	72	Master of Professional Psychology
https://www.wheretoapply.xyz/universities/western-sydney-university/programs/master-of-property-investment-and-development	66	Master of Property Investment and Development
https://www.wheretoapply.xyz/universities/western-sydney-university/programs/master-of-science	77	Master of Science
https://www.wheretoapply.xyz/universities/western-sydney-university/programs/master-of-sustainable-tourism-hospitality-and-event-management	79	Master of Sustainable Tourism, Hospitality and Event Management
https://www.wheretoapply.xyz/universities/william-angliss-institute/programs/associate-degree-in-tourism-and-hospitality-management	80	Associate Degree in Tourism and Hospitality Management
https://www.wheretoapply.xyz/universities/william-angliss-institute/programs/diploma-of-food-science-and-technology	70	Diploma of Food Science and Technology
https://www.wheretoapply.xyz/universities/william-angliss-institute/programs/diploma-of-travel-and-tourism-management	81	Diploma of Travel and Tourism Management
https://www.wheretoapply.xyz/universities/william-angliss-institute/programs/graduate-certificate-of-international-hospitality-entrepreneurship	79	Graduate Certificate of International Hospitality Entrepreneurship
https://www.wheretoapply.xyz/universities/william-angliss-institute/programs/graduate-certificate-of-international-hotel-leadership	78	Graduate Certificate of International Hotel Leadership
https://www.wheretoapply.xyz/universities/william-angliss-institute/programs/graduate-diploma-of-international-hospitality-entrepreneurship	76	Graduate Diploma of International Hospitality Entrepreneurship
